Facility ID,Station,Primary Network Affiliation,Market Rank,Licensed State,Latitude (degrees),Longitude (degrees)
1328,WABC-TV  ,ABC (US),1,NY,40.748333,-73.986111
282,KABC-TV  ,ABC (US),2,CA,34.226944,-118.066111
73226,WLS-TV   ,ABC (US),3,IL,41.878889,-87.635556
8616,WPVI-TV  ,ABC (US),4,PA,40.042500,-75.242500
34470,KGO-TV   ,ABC (US),6,CA,37.755278,-122.451667
35675,KTRK-TV  ,ABC (US),10,TX,29.574167,-95.493611
8617,WTVD     ,ABC (US),25,NC,35.668056,-78.533056
8620,KFSN-TV  ,ABC (US),54,CA,37.077222,-119.433333
61111,WMGM-TV  ,SonLife Broadcasting Network (US),4,NJ,39.124444,-74.765556
455,WADL     ,Independent (US),13,MI,42.554167,-82.887500
711,WCIQ     ,PBS (US),45,AL,33.485000,-85.808889
717,WBIQ     ,PBS (US),45,AL,33.484444,-86.806944
721,WEIQ     ,PBS (US),58,AL,30.659167,-87.892500
713,WHIQ     ,PBS (US),79,AL,34.736722,-86.529194
715,WFIQ     ,PBS (US),79,AL,34.578056,-87.783889
714,WDIQ     ,PBS (US),122,AL,31.554444,-86.392222
706,WAIQ     ,PBS (US),122,AL,32.381944,-86.292500
720,WIIQ     ,PBS (US),122,AL,32.362500,-87.875139
710,WGIQ     ,PBS (US),122,AL,31.717778,-85.434167
749,KLRN     ,PBS (US),32,TX,29.327222,-98.354722
804,KAKM     ,PBS (US),148,AK,61.422778,-149.872222
1051,WJLA-TV  ,ABC (US),7,DC,38.950278,-77.079722
72326,WHTM-TV  ,ABC (US),44,PA,40.316111,-76.950278
33543,KATV     ,ABC (US),57,AR,34.796944,-92.488750
35685,KTUL     ,ABC (US),60,OK,35.968889,-95.615278
73988,WSET-TV  ,ABC (US),69,VA,37.315000,-79.635000
21536,WGWG     ,Heroes & Icons (US),94,SC,32.924444,-79.699444
1222,WTLW     ,The Walk TV (US),188,OH,40.763056,-84.183056
19190,WUPW     ,FOX (US),77,OH,41.656111,-83.444722
71326,WDBD     ,FOX (US),95,MS,32.213722,-90.382278
2770,KETS     ,PBS (US),57,AR,34.441944,-92.217500
2777,KEMV     ,PBS (US),57,AR,35.813056,-92.290000
2768,KETG     ,PBS (US),57,AR,33.907222,-93.112778
2767,KAFT     ,PBS (US),100,AR,35.814722,-94.028056
92872,KETZ     ,PBS (US),137,AR,33.078056,-92.225000
2769,KTEJ     ,PBS (US),181,AR,35.903889,-90.770556
4190,WPBA     ,PBS (US),9,GA,33.758889,-84.335278
2728,KAET     ,PBS (US),12,AZ,33.333333,-112.063611
49157,WCCB     ,The CW (US),22,NC,35.266944,-80.734722
60963,WOLO-TV  ,ABC (US),78,SC,34.116111,-80.764167
9054,WFXB     ,FOX (US),102,SC,34.188611,-79.183333
701,WAKA     ,CBS (US),122,AL,32.149167,-86.778611
68427,WBMM     ,The CW (US),122,AL,32.068056,-85.944722
72307,WNCF     ,ABC (US),122,AL,32.149167,-86.778611
65204,WBBJ-TV  ,ABC (US),176,TN,35.637778,-88.692500
3646,WIPB     ,PBS (US),27,IN,40.093611,-85.392222
3667,WVII-TV  ,ABC (US),156,ME,44.759722,-68.566944
62468,KCKA     ,PBS (US),14,WA,46.554444,-123.057222
62469,KBTC-TV  ,PBS (US),14,WA,47.278889,-122.511667
54938,WAWD     ,Independent (US),58,FL,30.453917,-86.866500
72054,WFAA     ,ABC (US),5,TX,32.585000,-96.978056
34529,KHOU     ,CBS (US),10,TX,29.561111,-95.501111
34847,KING-TV  ,NBC (US),14,WA,47.631944,-122.349722
35396,KONG     ,Independent (US),14,WA,47.631944,-122.349722
40993,KTVK     ,Independent (US),12,AZ,33.333611,-112.062500
7143,KASW     ,The CW (US),12,AZ,33.333889,-112.062222
70034,KMOV     ,CBS (US),21,MO,38.529722,-90.299444
34874,KGW      ,NBC (US),24,OR,45.522500,-122.745833
32326,WCNC-TV  ,NBC (US),22,NC,35.346944,-81.170833
26304,KENS     ,CBS (US),32,TX,29.269722,-98.265278
74167,WVEC     ,ABC (US),42,VA,36.816389,-76.468333
35867,KVUE     ,ABC (US),39,TX,30.321667,-97.803056
32327,WHAS-TV  ,ABC (US),49,KY,38.356389,-85.847778
74192,WWL-TV   ,CBS (US),51,LA,29.906111,-90.039444
13938,WUPL     ,MyNetworkTV (US),51,LA,29.919722,-90.024722
44052,KMSB     ,FOX (US),70,AZ,32.415556,-110.713889
11908,KTTU     ,MyNetworkTV (US),70,AZ,32.415556,-110.713889
34868,KREM     ,CBS (US),73,WA,47.594722,-117.298056
35606,KSKN     ,The CW (US),73,WA,47.594722,-117.298056
34858,KTVB     ,NBC (US),107,ID,43.754444,-116.098889
28476,WDRB     ,FOX (US),49,KY,38.350000,-85.849167
34167,WMYO     ,MyNetworkTV (US),49,IN,38.350000,-85.849167
70852,WAND     ,NBC (US),85,IL,39.952361,-88.832306
28230,KTRV-TV  ,MyNetworkTV (US),107,ID,43.755000,-116.097778
37503,WLIO     ,NBC (US),188,OH,40.747500,-84.131806
5981,WBRA-TV  ,PBS (US),69,VA,37.196111,-80.154722
169028,KUGF-TV  ,PBS (US),191,MT,47.535889,-111.283917
6359,KSL-TV   ,NBC (US),34,UT,40.659167,-112.201944
2455,WCYB-TV  ,NBC (US),97,VA,36.449444,-82.108056
18334,WCTI-TV  ,ABC (US),99,NC,35.104167,-77.336667
8291,KRCR-TV  ,ABC (US),132,CA,40.602778,-122.650000
308,KTXS-TV  ,ABC (US),165,TX,32.413333,-100.106944
18079,KCFW-TV  ,NBC (US),164,MT,48.013333,-114.365278
18084,KECI-TV  ,NBC (US),164,MT,47.017778,-114.013056
18066,KTVM-TV  ,NBC (US),186,MT,46.007500,-112.441667
8263,KAEF-TV  ,ABC (US),195,CA,40.727500,-123.971389
6568,WBGU-TV  ,PBS (US),188,OH,41.136667,-83.906667
16455,WMDT     ,ABC (US),143,MD,38.501667,-75.735722
6744,WEFS     ,PBS (US),19,FL,28.609722,-81.059722
6823,KBYU-TV  ,PBS (US),34,UT,40.659167,-112.201944
26025,WBUW     ,The CW (US),81,WI,43.050833,-89.486944
25396,WFQX-TV  ,FOX (US),118,MI,44.136667,-85.342500
8322,KLSR-TV  ,FOX (US),119,OR,44.001111,-123.112500
8284,KOTI     ,NBC (US),140,OR,42.096667,-121.632500
8260,KOBI     ,NBC (US),140,OR,42.696944,-123.227500
40517,KAJB     ,UniMás (US),166,CA,33.050556,-114.827222
61251,WWSB     ,ABC (US),11,FL,27.555833,-82.363333
41065,WTXL-TV  ,ABC (US),108,FL,30.668333,-83.969444
8651,KTOO-TV  ,PBS (US),207,AK,58.299889,-134.412778
8564,KLRU     ,PBS (US),39,TX,30.321944,-97.803333
8688,WRAL-TV  ,NBC (US),25,NC,35.674722,-78.527778
64611,WRAZ     ,FOX (US),25,NC,35.674722,-78.527778
27387,WGEN-TV  ,MundoMax (US),16,FL,24.555000,-81.801389
14682,WBIN-TV  ,Independent (US),8,NH,42.735278,-71.393611
13206,WATC-DT  ,Independent (US),9,GA,34.066389,-84.454722
18287,KQCK     ,Christian Television Network (US),17,WY,40.546389,-105.197222
9610,WCBS-TV  ,CBS (US),1,NY,40.748333,-73.986111
73206,WLNY-TV  ,Independent (US),1,NY,40.897222,-72.915556
9628,KCBS-TV  ,CBS (US),2,CA,34.227222,-118.066667
21422,KCAL-TV  ,Independent (US),2,CA,34.227222,-118.066667
9617,WBBM-TV  ,CBS (US),3,IL,41.878889,-87.635556
25453,KYW-TV   ,CBS (US),4,PA,40.042500,-75.242500
12499,WPSG     ,The CW (US),4,PA,40.041667,-75.236389
23422,KTVT     ,CBS (US),5,TX,32.543333,-96.958889
51517,KTXA     ,Independent (US),5,TX,32.543333,-96.958889
25452,KPIX-TV  ,CBS (US),6,CA,37.755278,-122.451667
69619,KBCW     ,The CW (US),6,CA,37.755278,-122.451667
25456,WBZ-TV   ,CBS (US),8,MA,42.310278,-71.237222
73982,WSBK-TV  ,MyNetworkTV (US),8,MA,42.310278,-71.237222
6900,WUPA     ,The CW (US),9,GA,33.807222,-84.339444
51570,WKBD-TV  ,The CW (US),13,MI,42.483611,-83.312222
72123,WWJ-TV   ,CBS (US),13,MI,42.448056,-83.173056
23428,KSTW     ,The CW (US),14,WA,47.615556,-122.308056
74112,WTOG     ,The CW (US),11,FL,27.829444,-82.266389
9629,WCCO-TV  ,CBS (US),15,MN,45.062222,-93.139167
9632,KCCO-TV  ,CBS (US),15,MN,45.686111,-95.134167
9640,KCCW-TV  ,CBS (US),15,MN,46.934722,-94.455278
47902,WFOR-TV  ,CBS (US),16,FL,25.968611,-80.222222
12497,WBFS-TV  ,MyNetworkTV (US),16,FL,25.968611,-80.222222
47903,KCNC-TV  ,CBS (US),17,CO,39.730833,-105.231667
56550,KOVR     ,CBS (US),20,CA,38.240000,-121.500833
51499,KMAX-TV  ,The CW (US),20,CA,38.265000,-121.490000
25454,KDKA-TV  ,CBS (US),23,PA,40.493889,-80.019167
69880,WPCW     ,The CW (US),23,PA,40.493889,-80.019167
25455,WJZ-TV   ,CBS (US),26,MD,39.334722,-76.650833
9719,KCRG-TV  ,ABC (US),90,IA,42.316389,-91.858611
9908,WCMU-TV  ,PBS (US),71,MI,43.751389,-85.212778
69273,WCMZ-TV  ,PBS (US),71,MI,42.898889,-83.461389
9913,WCMW     ,PBS (US),118,MI,44.065833,-86.332778
9922,WCMV     ,PBS (US),118,MI,44.748056,-85.068889
9917,WCML     ,PBS (US),208,MI,45.138139,-84.162111
9754,KNCT     ,PBS (US),87,TX,30.985667,-97.630583
10032,KWYP-DT  ,PBS (US),17,WY,41.309722,-105.455278
10036,KCWC-DT  ,PBS (US),196,WY,42.583056,-108.710000
82575,KPTW     ,PBS (US),196,WY,42.740556,-106.359444
10228,KNPB     ,PBS (US),106,NV,39.583889,-119.798611
34406,KEZI     ,ABC (US),119,OR,44.115694,-122.999083
60736,KDRV     ,ABC (US),140,OR,42.691667,-123.228889
60740,KDKF     ,ABC (US),140,OR,42.097222,-121.633056
166534,KOHD     ,ABC (US),190,OR,44.077917,-121.332444
63158,KCDO-TV  ,Independent (US),17,CO,40.033611,-103.938056
10202,KSCE     ,Independent (US),92,TX,31.805278,-106.483056
10645,WTVI     ,PBS (US),22,NC,35.287222,-80.695833
49621,KTVF     ,NBC (US),202,AK,64.879167,-148.053889
11027,WGGN-TV  ,Independent (US),18,OH,41.075000,-82.451389
11125,WCLF     ,Christian Television Network (US),11,FL,27.819444,-82.260833
11117,WHTN     ,Christian Television Network (US),29,TN,36.082778,-86.431111
11123,WFGC     ,Christian Television Network (US),38,FL,26.763056,-80.205278
10894,WHBR     ,Christian Television Network (US),58,FL,30.612500,-87.645278
71580,WRXY-TV  ,Christian Television Network (US),61,FL,26.785556,-81.796389
22591,WLNE-TV  ,ABC (US),52,MA,41.865000,-71.287500
8661,WOI-DT   ,ABC (US),72,IA,41.809167,-93.614722
13950,WHBF-TV  ,CBS (US),101,IL,41.546944,-90.476389
11264,KLKN     ,ABC (US),105,NE,40.883056,-97.305278
11265,KCAU-TV  ,ABC (US),149,IA,42.586389,-96.232222
11683,KLVX     ,PBS (US),40,NV,36.007500,-115.006667
35655,KTBY     ,FOX (US),148,AK,61.219722,-149.890000
23302,KGMC     ,MundoMax (US),54,CA,36.746111,-119.282500
43203,WABG-TV  ,ABC (US),192,MS,33.373056,-90.540278
9987,WCVE-TV  ,PBS (US),56,VA,37.512222,-77.601111
9989,WCVW     ,PBS (US),56,VA,37.512500,-77.601389
9990,WHTJ     ,PBS (US),183,VA,37.983056,-78.483889
12525,KMSS-TV  ,FOX (US),83,LA,32.666111,-93.933056
12523,KVEO-TV  ,NBC (US),86,TX,26.100278,-97.838889
60384,KYLE-TV  ,MyNetworkTV (US),87,TX,30.688333,-96.426389
12522,KWKT-TV  ,FOX (US),87,TX,31.314722,-97.326667
67760,KTSM-TV  ,NBC (US),92,TX,31.805139,-106.482972
12520,WGMB-TV  ,FOX (US),93,LA,30.326389,-91.276667
72041,WEVV-TV  ,CBS (US),103,IN,37.888056,-87.543611
55643,KETK-TV  ,NBC (US),109,TX,32.061111,-95.313889
33261,KADN-TV  ,FOX (US),121,LA,30.362222,-92.214722
12524,KPEJ-TV  ,FOX (US),145,TX,32.097500,-102.289167
16539,WNTZ-TV  ,FOX (US),179,MS,31.668889,-91.691667
12279,WYCC     ,PBS (US),3,IL,41.898889,-87.623056
13456,WPBT     ,PBS (US),16,FL,25.958333,-80.212222
73203,WLEX-TV  ,NBC (US),63,KY,38.034167,-84.394167
25735,KVOA     ,NBC (US),70,AZ,32.415556,-110.713889
59014,KOAA-TV  ,NBC (US),89,CO,38.745000,-104.860833
19654,KSBY     ,NBC (US),124,CA,35.360278,-120.655000
33471,KATC     ,ABC (US),121,LA,30.323611,-92.290000
25559,KRIS-TV  ,NBC (US),129,TX,27.741389,-97.602500
35455,KPAX-TV  ,CBS (US),164,MT,47.017306,-114.013083
35694,KTVQ     ,CBS (US),167,MT,45.766944,-108.457222
35959,KXLF-TV  ,CBS (US),186,MT,46.007500,-112.441667
33756,KBZK     ,CBS (US),186,MT,45.673333,-110.867222
35567,KRTV     ,CBS (US),191,MT,47.535472,-111.284056
13924,WPCB-TV  ,Cornerstone Television Network (US),23,PA,40.392778,-79.781667
84088,WPFO     ,FOX (US),80,ME,44.154167,-70.010278
24316,KCWX     ,MyNetworkTV (US),32,TX,30.136944,-98.609722
34537,KHQ-TV   ,NBC (US),73,WA,47.581111,-117.296389
63165,KCOY-TV  ,CBS (US),124,CA,34.910278,-120.185833
12395,KNDO     ,NBC (US),123,WA,46.533056,-120.507222
12427,KNDU     ,NBC (US),123,WA,46.103333,-119.130278
26249,KION-TV  ,CBS (US),125,CA,36.534722,-121.620556
35703,KTVU     ,FOX (US),6,CA,37.755278,-122.451667
34564,KICU-TV  ,Independent (US),6,CA,37.488056,-121.866389
23960,WSB-TV   ,ABC (US),9,GA,33.764167,-84.361667
66781,KIRO-TV  ,CBS (US),14,WA,47.633611,-122.355556
72076,WFTV     ,ABC (US),19,FL,28.568611,-81.054444
55454,WRDQ     ,Independent (US),19,FL,28.568611,-81.054444
73910,WPXI     ,NBC (US),23,PA,40.463333,-80.004167
74070,WSOC-TV  ,ABC (US),22,NC,35.261389,-80.727222
12793,WAXN-TV  ,Independent (US),22,NC,35.261389,-80.727222
11909,WFOX-TV  ,FOX (US),47,FL,30.280833,-81.570000
35576,WJAX-TV  ,CBS (US),47,FL,30.280833,-81.570000
11910,KOKI-TV  ,FOX (US),60,OK,36.026667,-95.678889
54420,KMYT-TV  ,MyNetworkTV (US),60,OK,36.026667,-95.678889
41458,WHIO-TV  ,CBS (US),64,OH,39.733889,-84.248056
73375,WOLF-TV  ,FOX (US),55,PA,41.182750,-75.870194
7727,WGFL     ,CBS (US),162,FL,29.629722,-82.573333
41237,KMCC     ,MundoMax (US),40,NV,35.651944,-114.311667
13602,WEDH     ,PBS (US),30,CT,41.703611,-72.832500
7933,WNUV     ,The CW (US),26,MD,39.336111,-76.649722
74137,WTTE     ,FOX (US),31,OH,39.937222,-83.021111
56548,WMYA-TV  ,MyNetworkTV (US),37,SC,34.647500,-82.270278
71325,WDBB     ,The CW (US),45,AL,33.480833,-87.400833
411,WRGT-TV  ,FOX (US),64,OH,39.724444,-84.255000
417,WVAH-TV  ,FOX (US),67,WV,38.407778,-81.903611
40758,WSYT     ,FOX (US),84,NY,42.880556,-76.200000
416,WTAT-TV  ,FOX (US),94,SC,32.940000,-79.695833
5875,WYZZ-TV  ,FOX (US),117,IL,40.645833,-89.179167
49326,KDTN     ,Daystar (US),5,TX,32.543056,-96.958889
83491,KDTP     ,Daystar (US),12,AZ,34.918056,-110.140278
58267,KKAP     ,Daystar (US),57,AR,34.798889,-92.495833
12171,WDSC-TV  ,Independent (US),19,FL,28.609722,-81.059722
60552,WUTB     ,MyNetworkTV (US),26,MD,39.287500,-76.760556
11204,WSTR-TV  ,MyNetworkTV (US),36,OH,39.200278,-84.522778
51518,KMYS     ,The CW (US),32,TX,29.610556,-98.892500
73371,WHAM-TV  ,ABC (US),76,NY,43.135278,-77.584167
19191,KAME-TV  ,MyNetworkTV (US),106,NV,39.584167,-119.797500
16530,WDCQ-TV  ,PBS (US),71,MI,43.542500,-83.660278
6048,WNYE-TV  ,NYC TV (US),1,NY,40.756111,-73.986667
16817,WTVS     ,PBS (US),13,MI,42.447778,-83.173056
70162,WTHR     ,NBC (US),27,IN,39.928611,-86.181944
71217,WBNS-TV  ,CBS (US),31,OH,39.971111,-83.027778
17005,WABI-TV  ,CBS (US),156,ME,44.703250,-69.079667
16993,WCJB-TV  ,ABC (US),162,FL,29.536389,-82.400000
17076,WLMB     ,Independent (US),77,OH,41.744722,-84.018333
71218,WBOC-TV  ,CBS (US),143,MD,38.504722,-75.643611
9781,KXXV     ,ABC (US),87,TX,31.337778,-97.310000
51466,KFDA-TV  ,CBS (US),131,TX,35.292778,-101.845000
35645,KSWO-TV  ,ABC (US),147,OK,34.215556,-98.721389
42008,KWAB-TV  ,NBC (US),145,TX,32.281944,-101.492778
42007,KWES-TV  ,NBC (US),145,TX,31.988056,-102.878056
17688,KHME     ,Me-TV (US),171,SD,44.068611,-103.250833
17686,KQME     ,Me-TV (US),171,SD,44.326667,-103.836667
17680,KSGW-TV  ,ABC (US),171,WY,44.622222,-107.115833
17683,KNEP     ,NBC (US),171,NE,41.841111,-103.074167
17726,WDSE     ,PBS (US),141,MN,46.791667,-92.122500
159007,WRPT     ,PBS (US),141,MN,47.381389,-92.954167
40875,KMGH-TV  ,ABC (US),17,CO,39.730833,-105.231667
40877,WRTV     ,ABC (US),27,IN,39.899028,-86.201028
61062,KZSD-TV  ,PBS (US),171,SD,43.433056,-101.554444
40876,KGTV     ,ABC (US),28,CA,32.838889,-117.248889
40878,KERO-TV  ,ABC (US),126,CA,35.453889,-118.593611
18252,WETP-TV  ,PBS (US),62,TN,36.381111,-83.180278
18267,WKOP-TV  ,PBS (US),62,TN,35.995556,-83.956389
18301,WEIU-TV  ,PBS (US),85,IL,39.570833,-88.307083
18338,KENW     ,PBS (US),131,NM,34.252222,-103.238889
18819,WLAE-TV  ,PBS (US),51,LA,29.982500,-89.952500
19117,KCOS     ,PBS (US),92,TX,31.787500,-106.479722
24518,KDOC-TV  ,Independent (US),2,CA,34.226389,-118.066111
30577,WUNI     ,Univision (US),8,MA,42.335833,-71.715833
16788,WVEA-TV  ,Univision (US),11,FL,27.819361,-82.260722
24514,KCEC     ,Univision (US),17,CO,39.732778,-105.235556
131,WVEN-TV  ,Univision (US),19,FL,28.919472,-81.318694
3072,WUVN     ,Univision (US),30,CT,41.774722,-72.801111
67089,KINC     ,Univision (US),40,NV,35.946111,-115.042778
35084,KLUZ-TV  ,Univision (US),48,NM,35.211389,-106.448889
166332,KDCU-DT  ,Univision (US),65,KS,37.800278,-97.524722
69692,KNVO     ,Univision (US),86,TX,26.088333,-98.062222
166331,KVSN-DT  ,Univision (US),89,CO,38.745000,-104.860278
51708,KINT-TV  ,Univision (US),92,TX,31.796111,-106.482500
68753,KTFN     ,UniMás (US),92,TX,31.805278,-106.483056
51493,KREN-TV  ,Univision (US),106,NV,39.313056,-119.883056
12144,KPMR     ,Univision (US),124,CA,34.524444,-119.959722
35611,KSMS-TV  ,Univision (US),125,CA,36.756389,-121.501389
64877,KORO     ,Univision (US),129,TX,27.707750,-97.633056
86263,KUPB     ,Univision (US),145,TX,31.838611,-102.533056
36170,KVYE     ,Univision (US),166,CA,33.050556,-114.827222
51479,KLDO-TV  ,Univision (US),184,TX,27.665000,-99.608333
40761,WEMT     ,FOX (US),97,TN,36.449444,-82.108056
37982,WFXI     ,FOX (US),99,NC,34.883611,-76.506111
35582,WYDO     ,FOX (US),99,NC,35.104167,-77.336667
58605,KCVU     ,FOX (US),132,CA,39.963611,-121.710556
58618,KBVU     ,FOX (US),195,CA,40.727500,-123.971389
33079,KZTV     ,CBS (US),129,TX,27.707750,-97.633056
38214,KSBI     ,MyNetworkTV (US),43,OK,35.597778,-97.489444
21656,KOMO-TV  ,ABC (US),14,WA,47.631944,-122.352500
4624,KUNS-TV  ,Univision (US),14,WA,47.631944,-122.352500
21649,KATU     ,ABC (US),24,OR,45.515833,-122.733056
81447,KUNP     ,Univision (US),24,OR,45.309167,-117.731667
56032,KLEW-TV  ,CBS (US),123,ID,46.457500,-117.098889
49760,KBOI-TV  ,CBS (US),107,ID,43.755833,-116.098333
61551,KPIC     ,CBS (US),119,OR,43.235556,-123.321667
49750,KCBY-TV  ,CBS (US),119,OR,43.390556,-124.129444
49766,KVAL-TV  ,CBS (US),119,OR,44.001944,-123.114722
35189,KMTR     ,NBC (US),119,OR,44.115833,-122.999167
35183,KMCB     ,NBC (US),119,OR,43.394167,-124.132222
35187,KTCW     ,NBC (US),119,OR,43.206111,-123.365556
56029,KEPR-TV  ,CBS (US),123,WA,46.097500,-119.191389
56033,KIMA-TV  ,CBS (US),123,WA,46.532778,-120.509167
4148,KBAK-TV  ,CBS (US),126,CA,35.453056,-118.590278
56028,KIDK     ,CBS (US),163,ID,43.497583,-112.663889
62388,WGCU     ,PBS (US),61,FL,26.815000,-81.761944
21801,WFSU-TV  ,PBS (US),108,FL,30.358611,-84.610556
6093,WFSG     ,PBS (US),154,FL,30.367222,-85.924444
21808,WEDU     ,PBS (US),11,FL,27.847222,-82.263889
22129,WDAY-TV  ,ABC (US),115,ND,47.007778,-97.200556
22124,WDAZ-TV  ,ABC (US),115,ND,48.138333,-97.993056
22127,KMCY     ,ABC (US),139,ND,48.053056,-101.384722
22121,KBMY     ,ABC (US),139,ND,46.587500,-100.805556
22206,WNYW     ,FOX (US),1,NY,40.748333,-73.986111
74197,WWOR-TV  ,MyNetworkTV (US),1,NJ,40.748333,-73.986111
22208,KTTV     ,FOX (US),2,CA,34.224722,-118.063333
33742,KCOP-TV  ,MyNetworkTV (US),2,CA,34.224722,-118.063333
22211,WFLD     ,FOX (US),3,IL,41.878889,-87.636111
48772,WPWR-TV  ,The CW (US),3,IN,41.878889,-87.636111
51568,WTXF-TV  ,FOX (US),4,PA,40.040556,-75.238611
33770,KDFW     ,FOX (US),5,TX,32.585000,-96.978056
17037,KDFI     ,MyNetworkTV (US),5,TX,32.543333,-96.958889
6463,WFXT     ,FOX (US),8,MA,42.302778,-71.218611
22207,WTTG     ,FOX (US),7,DC,38.956111,-77.083056
51567,WDCA     ,MyNetworkTV (US),7,DC,38.956111,-77.083056
70689,WAGA-TV  ,FOX (US),9,GA,33.797500,-84.333889
51569,KTXH     ,MyNetworkTV (US),10,TX,29.562222,-95.509722
22204,KRIV     ,FOX (US),10,TX,29.574444,-95.493611
73123,WJBK     ,FOX (US),13,MI,42.460556,-83.213889
35587,KSAZ-TV  ,FOX (US),12,AZ,33.334167,-112.061944
68886,KUTP     ,MyNetworkTV (US),12,AZ,33.334222,-112.061306
68569,WTVT     ,FOX (US),11,FL,27.818889,-82.240556
68883,KMSP-TV  ,FOX (US),15,MN,45.058333,-93.124167
83714,KFTC     ,MyNetworkTV (US),15,MN,47.555833,-94.801111
11913,WFTC     ,MyNetworkTV (US),15,MN,45.058333,-93.124167
41225,WOFL     ,FOX (US),19,FL,28.603611,-81.086389
54940,WRBW     ,MyNetworkTV (US),19,FL,28.609722,-81.059722
73152,WJZY     ,FOX (US),22,NC,35.362222,-81.155278
20624,WMYT-TV  ,MyNetworkTV (US),22,SC,35.362222,-81.155278
35649,KTBC     ,FOX (US),39,TX,30.309722,-97.792778
12521,WHBQ-TV  ,FOX (US),50,TN,35.174722,-89.845278
70651,WOGX     ,FOX (US),162,FL,29.358889,-82.328611
22685,KBDI-TV  ,PBS (US),17,CO,39.681944,-105.496944
58262,WGXA     ,FOX (US),120,GA,32.749444,-83.559722
22093,WINK-TV  ,CBS (US),61,FL,26.800278,-81.763333
22108,WFWA     ,PBS (US),111,IN,41.103611,-85.191111
23948,WGTV     ,PBS (US),9,GA,33.805000,-84.144444
23929,WXGA-TV  ,PBS (US),47,GA,31.221389,-82.573333
23947,WVAN-TV  ,PBS (US),91,GA,32.146667,-81.618056
23935,WMUM-TV  ,PBS (US),120,GA,32.469722,-83.254722
23918,WJSP-TV  ,PBS (US),127,GA,32.852222,-84.701111
23917,WABW-TV  ,PBS (US),152,GA,31.134722,-84.104444
23930,WACS-TV  ,PBS (US),152,GA,31.937500,-84.554167
65593,WUSA     ,CBS (US),7,DC,38.950278,-77.079722
51163,WXIA-TV  ,NBC (US),9,GA,33.756667,-84.331944
22819,WATL     ,MyNetworkTV (US),9,GA,33.807222,-84.339444
24749,KNAZ-TV  ,NBC (US),12,AZ,34.968333,-111.507778
35486,KPNX     ,NBC (US),12,AZ,33.333333,-112.063333
11290,WTSP     ,CBS (US),11,FL,27.819361,-82.260750
23079,KARE     ,NBC (US),15,MN,45.062222,-93.139444
23074,KUSA     ,NBC (US),17,CO,39.730722,-105.231556
68581,KTVD     ,MyNetworkTV (US),17,CO,39.730833,-105.231667
73195,WKYC     ,NBC (US),18,OH,41.386111,-81.689167
25048,KXTV     ,ABC (US),20,CA,38.240000,-121.500833
46981,KSDK     ,NBC (US),21,MO,38.568056,-90.331944
49713,WZZM     ,ABC (US),41,MI,43.309722,-85.912500
72064,WFMY-TV  ,CBS (US),46,NC,35.870278,-79.840278
65046,WTLV     ,NBC (US),47,FL,30.273333,-81.553611
11893,WJXX     ,ABC (US),47,FL,30.273333,-81.553611
64547,WGRZ     ,NBC (US),53,NY,42.718611,-78.563056
2787,KTHV     ,CBS (US),57,AR,34.799167,-92.499722
46984,WBIR-TV  ,NBC (US),62,TN,36.005278,-83.939722
37176,WLTX     ,CBS (US),78,SC,34.096944,-80.764167
39664,WCSH     ,NBC (US),80,ME,43.858333,-70.711389
46991,WMAZ-TV  ,CBS (US),120,GA,32.752778,-83.558889
39644,WLBZ     ,NBC (US),156,ME,44.736111,-68.671389
49632,KTVA     ,CBS (US),148,AK,61.192500,-149.900306
23942,WNGH-TV  ,PBS (US),88,GA,34.751667,-84.715000
23937,WCES-TV  ,PBS (US),112,GA,33.259167,-82.285833
24287,KXGN-TV  ,CBS (US),210,MT,47.044167,-104.681250
27504,WKPT-TV  ,MyNetworkTV (US),97,TN,36.431278,-82.137639
36920,KGMV     ,MyNetworkTV (US),66,HI,20.660278,-156.362778
36914,KGMD-TV  ,MyNetworkTV (US),66,HI,19.716667,-155.136944
33745,KNVN     ,NBC (US),132,CA,40.258611,-122.090000
16363,WBUI     ,The CW (US),85,IL,39.948889,-88.836667
69544,WCCU     ,FOX (US),85,IL,40.312778,-87.916667
62009,WRSP-TV  ,FOX (US),85,IL,39.799167,-89.446111
24508,KHSL-TV  ,CBS (US),132,CA,39.958056,-121.713611
9881,WTGL     ,Independent (US),19,FL,28.586667,-81.082778
25682,WGGB-TV  ,ABC (US),116,MA,42.241667,-72.649167
24784,WGVU-TV  ,PBS (US),41,MI,42.959694,-85.895806
24783,WGVK     ,PBS (US),41,MI,42.306389,-85.656944
51189,KOFY-TV  ,Independent (US),6,CA,37.755278,-122.451667
74211,WMYD     ,MyNetworkTV (US),13,MI,42.448056,-83.173056
54176,WKBW-TV  ,ABC (US),53,NY,42.637444,-78.619972
13960,WISE-TV  ,NBC (US),111,IN,41.102194,-85.184694
24801,WEEK-TV  ,NBC (US),117,IL,40.629417,-89.547944
33658,KBJR-TV  ,MyNetworkTV (US),141,WI,46.789250,-92.114083
82698,KRII     ,MyNetworkTV (US),141,MN,47.860833,-92.946111
23337,WBNG-TV  ,CBS (US),159,NY,42.058611,-75.951667
24812,WWCW     ,The CW (US),69,VA,37.320556,-79.632778
24813,WFXR     ,FOX (US),69,VA,37.196472,-80.154306
28119,WZDX     ,FOX (US),79,AL,34.736667,-86.533056
54011,KLJB     ,FOX (US),101,IA,41.312222,-90.379167
7841,KGCW     ,The CW (US),101,IA,41.135556,-90.808333
2710,WLAX     ,FOX (US),128,WI,43.804483,-91.372025
2709,WEUX     ,FOX (US),128,WI,44.956667,-91.667500
35908,WVLT-TV  ,CBS (US),62,TN,35.995556,-83.956389
24914,WKYT-TV  ,CBS (US),63,KY,38.039722,-84.402778
24915,WYMT-TV  ,CBS (US),63,KY,37.193889,-83.181111
36912,WSAZ-TV  ,NBC (US),67,WV,38.509972,-82.219417
65523,KLBY     ,ABC (US),65,KS,39.252500,-101.352500
65522,KAKE     ,ABC (US),65,KS,37.781389,-97.518889
65535,KUPK     ,ABC (US),65,KS,37.650278,-100.668333
65528,WOWT     ,NBC (US),74,NE,41.311111,-96.026944
6870,WMTV     ,NBC (US),81,WI,43.050833,-89.486944
6669,KBTX-TV  ,CBS (US),87,TX,30.554444,-96.030833
35903,KWTX-TV  ,CBS (US),87,TX,31.321944,-97.317222
35037,KKTV     ,CBS (US),89,CO,38.745000,-104.861944
41674,WNDU-TV  ,NBC (US),96,IN,41.605278,-86.212500
594,WITN-TV  ,NBC (US),99,NC,35.365278,-77.393889
21161,KSNB-TV  ,NBC (US),105,NE,40.751944,-97.451111
7890,KOLN     ,CBS (US),105,NE,40.803056,-97.181111
7894,KGIN     ,CBS (US),105,NE,40.587222,-98.802778
31590,WCTV     ,CBS (US),108,GA,30.670278,-83.940556
63331,KOLO-TV  ,ABC (US),106,NV,39.313611,-119.883333
73937,WRDW-TV  ,CBS (US),112,GA,33.410000,-81.843611
6863,WILX-TV  ,NBC (US),113,MI,42.442500,-84.572500
7893,WEAU     ,NBC (US),128,WI,44.663889,-90.961111
6867,WSAW-TV  ,CBS (US),134,WI,44.920556,-89.691111
4689,WIFR     ,CBS (US),136,IL,42.296667,-89.170833
63160,WIBW-TV  ,CBS (US),135,KS,39.006111,-96.049167
28155,WSWG     ,CBS (US),152,GA,31.171667,-83.365833
73136,WJHG-TV  ,NBC (US),154,FL,30.352222,-85.391111
35954,KXII     ,CBS (US),161,TX,34.032778,-96.800000
4152,WTVY     ,CBS (US),173,AL,30.919722,-85.741667
4688,WHSV-TV  ,ABC (US),178,VA,38.601389,-78.632500
4692,WBKO     ,ABC (US),182,KY,37.063611,-86.435278
363,WCAV     ,CBS (US),183,VA,37.984167,-78.481111
24766,KKCO     ,NBC (US),185,CO,39.066667,-108.745833
4686,WTOK-TV  ,ABC (US),189,MS,32.327222,-88.691111
4685,WTAP-TV  ,NBC (US),194,WV,39.350000,-81.565556
65667,WTCI     ,PBS (US),88,TN,35.207139,-85.281139
35385,WCWG     ,The CW (US),46,NC,35.867222,-79.823889
25382,KWTV-DT  ,CBS (US),43,OK,35.597778,-97.489444
35434,KOTV-DT  ,CBS (US),60,OK,36.020833,-95.675556
78322,KQCW-DT  ,The CW (US),60,OK,35.752222,-95.804167
25090,WYES-TV  ,PBS (US),51,LA,29.953611,-89.949444
65670,WETA-TV  ,PBS (US),7,DC,38.950278,-77.079722
83929,WHDT     ,Independent (US),38,FL,26.574833,-80.242194
25236,WXVT     ,CBS (US),192,MS,33.657222,-90.705000
25932,WHRO-TV  ,PBS (US),42,VA,36.808611,-76.503333
26428,KMEB     ,PBS (US),66,HI,20.660278,-156.362778
26431,KHET     ,PBS (US),66,HI,21.400833,-158.102778
65684,WCVB-TV  ,ABC (US),8,MA,42.310278,-71.237222
73292,WMUR-TV  ,ABC (US),8,NH,42.983611,-71.590278
53819,WMOR-TV  ,Independent (US),11,FL,27.819444,-82.260833
25738,WESH     ,NBC (US),19,FL,28.609722,-81.059722
53465,WKCF     ,The CW (US),19,FL,28.586667,-81.082778
33875,KCRA-TV  ,NBC (US),20,CA,38.265000,-121.490000
10242,KQCA     ,MyNetworkTV (US),20,CA,38.265000,-121.490000
65681,WTAE-TV  ,ABC (US),23,PA,40.280278,-79.803056
65696,WBAL-TV  ,NBC (US),26,MD,39.334722,-76.650833
65686,KMBC-TV  ,ABC (US),33,MO,39.083611,-94.515833
64444,KCWE     ,The CW (US),33,MO,39.083611,-94.515833
65680,WISN-TV  ,ABC (US),35,WI,43.111667,-87.928333
46979,WLWT     ,NBC (US),36,OH,39.124167,-84.521667
53905,WYFF     ,NBC (US),37,SC,35.111944,-82.606667
51988,WPBF     ,ABC (US),38,FL,27.121944,-80.394722
12508,KOCO-TV  ,ABC (US),43,OK,35.562500,-97.490000
53930,WGAL     ,NBC (US),44,PA,40.034444,-76.618889
53921,WXII-TV  ,NBC (US),46,NC,36.375278,-80.373889
53928,KOAT-TV  ,ABC (US),48,NM,35.214722,-106.450278
53939,WLKY     ,CBS (US),49,KY,38.368889,-85.830000
71357,WDSU     ,NBC (US),51,LA,29.949722,-89.957778
64548,KITV     ,ABC (US),66,HI,21.293611,-157.842778
64551,KMAU     ,ABC (US),66,HI,20.660278,-156.362778
64544,KHVO     ,ABC (US),66,HI,19.716667,-155.136944
33710,KCCI     ,CBS (US),72,IA,41.809722,-93.621111
53903,KETV     ,ABC (US),74,NE,41.308889,-96.025833
73288,WMTW     ,ABC (US),80,ME,43.845556,-70.761944
49712,WAPT     ,ABC (US),95,MS,32.278056,-90.294444
57476,WPTZ     ,NBC (US),98,NY,44.525556,-72.816111
73344,WNNE     ,NBC (US),98,VT,43.437500,-72.452222
60354,KHOG-TV  ,ABC (US),100,AR,36.015833,-94.083056
60353,KHBS     ,ABC (US),100,AR,35.070833,-94.678611
19653,KSBW     ,NBC (US),125,CA,36.756389,-121.501389
26994,WWTV     ,CBS (US),118,MI,44.136667,-85.342500
26993,WWUP-TV  ,CBS (US),118,MI,46.060000,-84.099167
29015,KFWD     ,SonLife Broadcasting Network (US),5,TX,32.588611,-96.968056
48660,KPRY-TV  ,ABC (US),110,SD,44.051944,-100.084167
48659,KABY-TV  ,ABC (US),110,SD,45.106389,-97.899167
48658,KSFY-TV  ,ABC (US),110,SD,43.518611,-96.534722
61961,KVLY-TV  ,NBC (US),115,ND,47.342222,-97.288889
48975,KNOE-TV  ,CBS (US),137,LA,32.197222,-92.070556
6864,KAUZ-TV  ,CBS (US),147,TX,33.901111,-98.539167
41427,KFYR-TV  ,NBC (US),139,ND,46.605556,-100.806111
41430,KQCD-TV  ,NBC (US),139,ND,46.948056,-102.990278
41429,KUMV-TV  ,NBC (US),139,ND,48.133889,-103.860000
41425,KMOT     ,NBC (US),139,ND,48.215556,-101.318056
66398,WMBB     ,ABC (US),154,FL,30.352222,-85.391111
51598,KALB-TV  ,NBC (US),179,LA,31.037500,-92.495833
70596,KREX-TV  ,CBS (US),185,CO,39.088056,-108.566000
49273,KNOP-TV  ,NBC (US),209,NE,41.203611,-100.732778
20295,WWCP-TV  ,FOX (US),104,PA,40.181389,-79.151389
20287,WATM-TV  ,ABC (US),104,PA,40.568333,-78.443889
27772,WHUT-TV  ,PBS (US),7,DC,38.950278,-77.079722
28010,KSTP-TV  ,ABC (US),15,MN,45.062222,-93.139167
35584,KSAX     ,ABC (US),15,MN,45.699722,-95.176389
35585,KRWF     ,ABC (US),15,MN,44.484167,-95.490833
35843,KSTC-TV  ,ABC (US),15,MN,45.062500,-93.139167
35313,KOB      ,NBC (US),48,NM,35.211667,-106.449444
62272,KOBR     ,NBC (US),48,NM,33.375278,-103.770000
35321,KOBF     ,NBC (US),48,NM,36.695278,-108.220556
73363,WNYT     ,NBC (US),59,NY,42.625278,-74.010611
136751,WNYA     ,MyNetworkTV (US),59,MA,42.636944,-73.995833
70041,WHEC-TV  ,NBC (US),76,NY,43.135556,-77.583889
71338,WDIO-DT  ,ABC (US),141,MN,46.787500,-92.122500
71336,WIRT-DT  ,ABC (US),141,MN,47.381389,-92.954167
18285,KAAL     ,ABC (US),153,MN,43.642778,-92.526389
6865,KOSA-TV  ,CBS (US),145,TX,31.863889,-102.578056
62382,KUID-TV  ,PBS (US),73,ID,46.681667,-116.970278
62424,KCDT     ,PBS (US),73,ID,47.731667,-116.729722
62442,KAID     ,PBS (US),107,ID,43.755833,-116.098333
62430,KISU-TV  ,PBS (US),163,ID,43.501111,-112.661389
62427,KIPT     ,PBS (US),193,ID,42.729500,-114.414833
18753,WVIZ     ,PBS (US),18,OH,41.386028,-81.689222
28311,WTVP     ,PBS (US),117,IL,40.628889,-89.570000
28501,KTTM     ,FOX (US),110,SD,44.194167,-98.318056
28521,KTTW     ,FOX (US),110,SD,43.505278,-96.571944
66536,WTIU     ,PBS (US),27,IN,39.141944,-86.495278
63845,KENV-DT  ,NBC (US),34,NV,40.699667,-115.903028
60307,KRNV-DT  ,NBC (US),106,NV,39.315597,-119.884911
1270,KPVI-DT  ,NBC (US),163,ID,42.920222,-112.345722
74449,KYMA-DT  ,NBC (US),166,AZ,33.052778,-114.827778
68713,KCWY-DT  ,NBC (US),196,WY,42.743611,-106.306667
5290,KTVH-DT  ,NBC (US),205,MT,46.824889,-111.703500
73356,WPXN-TV  ,ION (US),1,NY,40.748333,-73.986111
58978,KPXN-TV  ,ION (US),2,CA,34.212778,-118.061389
10981,WCPX-TV  ,ION (US),3,IL,41.878889,-87.635556
51984,WPPX-TV  ,ION (US),4,DE,40.041667,-75.236389
68834,KPXD-TV  ,ION (US),5,TX,32.543333,-96.958889
22644,KKPX-TV  ,ION (US),6,CA,37.687500,-122.433611
7692,WBPX-TV  ,ION (US),8,MA,42.307500,-71.224167
23264,WWPX-TV  ,ION (US),7,WV,39.457556,-78.064556
74091,WPXW-TV  ,ION (US),7,VA,38.950278,-77.079722
51969,WPXA-TV  ,ION (US),9,GA,34.313222,-84.648667
58835,KPXB-TV  ,ION (US),10,TX,29.570833,-95.510278
5800,WPXD-TV  ,ION (US),13,MI,42.483611,-83.312222
56852,KWPX-TV  ,ION (US),14,WA,47.504722,-121.968333
26655,KPPX-TV  ,ION (US),12,AZ,33.334167,-112.060556
6601,WXPX-TV  ,ION (US),11,FL,27.819444,-82.260833
35907,KPXM-TV  ,ION (US),15,MN,45.383333,-93.708333
48608,WPXM-TV  ,ION (US),16,FL,25.985833,-80.193611
68695,KPXC-TV  ,ION (US),17,CO,40.099722,-104.900556
70491,WVPX-TV  ,ION (US),18,OH,41.064722,-81.583056
67602,WOPX-TV  ,ION (US),19,FL,28.097611,-81.130944
52953,KSPX-TV  ,ION (US),20,CA,38.265000,-121.490000
5801,KPXG-TV  ,ION (US),24,OR,45.522500,-122.745833
41314,WINP-TV  ,ION (US),23,PA,40.446111,-79.964167
20590,WRPX-TV  ,ION (US),25,NC,36.103056,-78.191389
21245,WFPX-TV  ,ION (US),25,NC,34.884722,-79.074722
10253,WIPX-TV  ,ION (US),27,IN,39.404444,-86.143611
28468,WNPX-TV  ,ION (US),29,TN,36.267778,-86.795556
51980,WHPX-TV  ,ION (US),30,CT,41.417500,-72.198611
33337,KPXE-TV  ,ION (US),33,MO,39.022167,-94.513556
57884,KUPX-TV  ,ION (US),34,UT,40.653333,-112.201667
37104,WPXE-TV  ,ION (US),35,WI,43.095556,-87.904722
61173,KPXL-TV  ,ION (US),32,TX,29.619722,-99.048611
27290,WPXP-TV  ,ION (US),38,FL,26.588889,-80.212222
71871,WZPX-TV  ,ION (US),41,MI,42.679167,-85.065833
2566,KOPX-TV  ,ION (US),43,OK,35.597778,-97.489444
73312,WPXH-TV  ,ION (US),45,AL,33.890833,-86.470278
67077,WPXV-TV  ,ION (US),42,VA,36.808611,-76.503611
65074,WGPX-TV  ,ION (US),46,NC,36.248333,-79.655833
21726,WPXX-TV  ,ION (US),50,TN,35.211389,-89.815000
71236,WPXC-TV  ,ION (US),47,GA,30.827500,-81.740833
2325,WPXJ-TV  ,ION (US),53,NY,42.895000,-78.015556
21729,WPXL-TV  ,ION (US),51,LA,29.919722,-90.024722
50063,WPXQ-TV  ,ION (US),52,RI,41.494722,-71.785000
64690,WQPX-TV  ,ION (US),55,PA,41.435000,-75.726389
13933,WYPX-TV  ,ION (US),59,NY,42.984444,-74.182222
7078,KTPX-TV  ,ION (US),60,OK,35.833889,-96.124444
52628,WPXK-TV  ,ION (US),62,TN,36.003611,-83.942778
23128,WUPX-TV  ,ION (US),63,KY,37.907222,-83.633611
73189,WLPX-TV  ,ION (US),67,WV,38.470000,-81.776389
70251,WPXR-TV  ,ION (US),69,VA,37.193611,-80.156944
77483,KPXO-TV  ,ION (US),66,HI,21.330278,-157.756667
81509,KFPX-TV  ,ION (US),72,IA,41.818056,-93.208889
81694,KGPX-TV  ,ION (US),73,WA,47.599306,-117.299278
64352,WSPX-TV  ,ION (US),84,NY,43.305000,-76.050000
21156,KPXR-TV  ,ION (US),90,IA,42.288056,-91.881667
37971,WPXU-TV  ,ION (US),99,NC,34.519444,-77.447778
81508,WEPX-TV  ,ION (US),99,NC,35.402500,-77.419444
86496,WTPX-TV  ,ION (US),134,WI,45.059167,-89.436111
9088,WBBZ-TV  ,Me-TV (US),53,NY,42.567778,-78.723333
15507,WFFP-TV  ,Cozi TV (US),69,VA,37.010278,-79.571389
36504,WTVF     ,CBS (US),29,TN,36.268056,-86.787778
74098,WTMJ-TV  ,NBC (US),35,WI,43.091389,-87.901944
74100,KTNV-TV  ,ABC (US),40,NV,35.945833,-115.043056
70649,WFTX-TV  ,FOX (US),61,FL,26.795000,-81.801389
2708,WGBA-TV  ,NBC (US),68,WI,44.358333,-87.980000
361,WACY-TV  ,MyNetworkTV (US),68,WI,44.358333,-87.980000
36918,KGUN-TV  ,ABC (US),70,AZ,32.415361,-110.714111
35095,KWBA-TV  ,The CW (US),70,AZ,31.758889,-110.800833
35190,KMTV-TV  ,CBS (US),74,NE,41.306944,-96.026944
59255,KIVI-TV  ,ABC (US),107,ID,43.755833,-116.098333
59363,KNIN-TV  ,FOX (US),107,ID,43.755000,-116.097778
74094,WSYM-TV  ,FOX (US),113,MI,42.467500,-84.651667
16749,KMIR-TV  ,NBC (US),146,CA,33.866667,-116.433056
35811,KAZT-TV  ,Independent (US),12,AZ,34.687500,-112.116944
33749,KCTS-TV  ,PBS (US),14,WA,47.616111,-122.307778
33752,KYVE     ,PBS (US),123,WA,46.532778,-120.509167
34211,WKON     ,PBS (US),36,KY,38.525278,-84.810833
34204,WCVN-TV  ,PBS (US),36,KY,39.030556,-84.506389
60519,KTNL-TV  ,CBS (US),207,AK,57.050278,-135.334444
84453,KFXL-TV  ,FOX (US),105,NE,40.852778,-96.676667
4328,KOCE-TV  ,PBS (US),2,CA,34.226389,-118.065833
166319,KRBK     ,FOX (US),75,MO,37.819444,-92.747778
33345,KPTS     ,PBS (US),65,KS,38.055944,-97.776694
35652,KTBS-TV  ,ABC (US),83,LA,32.685556,-93.933333
81507,KPXJ     ,The CW (US),83,LA,32.685556,-93.933333
82910,KUQI     ,FOX (US),129,TX,27.758833,-97.607306
35855,KVIE     ,PBS (US),20,CA,38.271667,-121.505000
16729,KVMD     ,Independent (US),2,CA,34.038056,-116.813056
55083,KXLA     ,Independent (US),2,CA,34.226472,-118.066028
21432,WKPC-TV  ,PBS (US),49,KY,38.366944,-85.831667
34181,WKZT-TV  ,PBS (US),49,KY,37.681944,-85.841944
34222,WKSO-TV  ,PBS (US),63,KY,37.167500,-84.825000
34196,WKHA     ,PBS (US),63,KY,37.193056,-83.188056
34202,WKMR     ,PBS (US),63,KY,38.177222,-83.404722
34207,WKLE     ,PBS (US),63,KY,37.879167,-84.325833
34200,WKPI-TV  ,PBS (US),67,KY,37.284889,-82.524556
34171,WKAS     ,PBS (US),67,KY,38.462222,-82.620000
34174,WKMU     ,PBS (US),82,KY,36.692778,-88.536389
65758,WKPD     ,PBS (US),82,KY,37.094167,-88.672222
34205,WKOH     ,PBS (US),103,KY,37.851944,-87.328889
34212,WKMA-TV  ,PBS (US),103,KY,37.189167,-87.513611
34177,WKGB-TV  ,PBS (US),182,KY,37.089444,-86.634722
25173,WBKI-TV  ,The CW (US),49,KY,37.530833,-85.445833
73310,WNAB     ,The CW (US),29,TN,36.263889,-86.794167
35042,KLAS-TV  ,CBS (US),40,NV,35.945556,-115.042500
36607,KJZZ-TV  ,Independent (US),34,UT,40.659167,-112.201944
14000,KJLA     ,LATV (US),2,CA,34.226389,-118.065833
36989,WLVT-TV  ,PBS (US),4,PA,40.564444,-75.440000
9739,WMCN-TV  ,Independent (US),4,NJ,39.728056,-74.844167
37102,WHMB-TV  ,LeSea (US),27,IN,39.894444,-86.205833
22161,KRCA     ,Estrella TV (US),2,CA,34.213333,-118.061389
73701,KMPX     ,Estrella TV (US),5,TX,32.588611,-96.968056
69531,KZJL     ,Estrella TV (US),10,TX,29.562222,-95.509722
37101,KETD     ,Estrella TV (US),17,CO,39.671389,-105.218333
77512,KPNZ     ,Estrella TV (US),34,UT,40.659167,-112.201944
24970,WICU-TV  ,NBC (US),150,PA,42.063889,-80.005833
49711,WSEE-TV  ,CBS (US),150,PA,42.064444,-80.005278
71508,WENY-TV  ,ABC (US),175,NY,42.141944,-77.077778
35380,KOIN     ,CBS (US),24,OR,45.516111,-122.732778
39269,WISH-TV  ,The CW (US),27,IN,39.890278,-86.205556
28462,WNDY-TV  ,MyNetworkTV (US),27,IN,40.148889,-85.935278
74109,WTNH     ,ABC (US),30,CT,41.422778,-72.951667
33081,WCTX     ,MyNetworkTV (US),30,CT,41.422778,-72.951667
36838,WOOD-TV  ,NBC (US),41,MI,42.687222,-85.509444
10212,WOTV     ,ABC (US),41,MI,42.570833,-85.468611
5360,WIAT     ,CBS (US),45,AL,33.484444,-86.806944
71127,WAVY-TV  ,NBC (US),42,VA,36.820556,-76.511389
71905,WNLO     ,The CW (US),53,NY,43.030000,-78.920833
65387,WVBT     ,FOX (US),42,VA,36.820556,-76.511389
35909,KBVO     ,MyNetworkTV (US),39,TX,30.676667,-98.566389
35920,KXAN-TV  ,NBC (US),39,TX,30.325833,-97.799444
32311,KASA-TV  ,FOX (US),48,NM,35.213889,-106.450278
48556,KBIM-TV  ,CBS (US),48,NM,33.055556,-103.820000
48575,KRQE     ,CBS (US),48,NM,35.211111,-106.449167
7780,WIVB-TV  ,CBS (US),53,NY,42.659167,-78.625833
47404,WPRI-TV  ,CBS (US),52,RI,41.876667,-71.282500
4143,WALA-TV  ,FOX (US),58,AL,30.688056,-87.798333
83943,WFNA     ,The CW (US),58,AL,30.687778,-87.798333
65690,WDTN     ,NBC (US),64,OH,39.718611,-84.256111
70138,WBDT     ,The CW (US),64,OH,39.724444,-84.255000
72358,KSNW     ,NBC (US),65,KS,37.773889,-97.514167
72361,KSNG     ,NBC (US),65,KS,37.777778,-100.868889
4150,WLUK-TV  ,FOX (US),68,WI,44.408889,-87.991944
73042,WCWF     ,The CW (US),68,WI,44.333611,-87.982222
4144,KHON-TV  ,FOX (US),66,HI,21.294167,-157.838333
4145,KAII-TV  ,FOX (US),66,HI,20.660278,-156.362778
4146,KHAW-TV  ,FOX (US),66,HI,19.716667,-155.136944
37174,WJCL     ,ABC (US),91,GA,32.058056,-81.338611
39270,WANE-TV  ,CBS (US),111,IN,41.093889,-85.180000
73153,WKBN-TV  ,CBS (US),114,OH,41.056444,-80.645472
6868,WWLP     ,NBC (US),116,MA,42.084722,-72.703889
67335,KSNT     ,NBC (US),135,KS,39.092778,-95.784444
66402,KIMT     ,CBS (US),153,IA,43.475556,-92.708056
70655,WTHI-TV  ,CBS (US),155,IN,39.243333,-87.385278
73204,WLFI-TV  ,CBS (US),187,IN,40.388889,-86.612778
13058,KCET     ,Independent (US),2,CA,34.223889,-118.062222
125,KFCT     ,FOX (US),17,CO,40.642222,-104.818056
126,KDVR     ,FOX (US),17,CO,39.728333,-105.237139
73150,WJW      ,FOX (US),18,OH,41.363333,-81.716111
35693,KTVI     ,FOX (US),21,MO,38.535278,-90.373056
11291,WDAF-TV  ,FOX (US),33,MO,39.072500,-94.595833
22215,KSTU     ,FOX (US),34,UT,40.659167,-112.202222
73107,WITI     ,FOX (US),35,WI,43.090556,-87.897222
66222,KFOR-TV  ,NBC (US),43,OK,35.597778,-97.489444
50182,KAUT-TV  ,Independent (US),43,OK,35.597747,-97.489461
47401,WTKR     ,CBS (US),42,VA,36.808611,-76.503611
72106,WGHP     ,FOX (US),46,NC,35.812778,-79.841389
66174,WREG-TV  ,CBS (US),50,TN,35.181111,-89.832222
73318,WNEP-TV  ,ABC (US),55,PA,41.182500,-75.870833
66221,WHO-DT   ,NBC (US),72,IA,41.809167,-93.614722
48693,WHNT-TV  ,CBS (US),79,AL,34.738611,-86.532222
73319,WQAD-TV  ,ABC (US),101,IL,41.312222,-90.379444
66469,KFSM-TV  ,CBS (US),100,AR,35.830278,-94.156667
83931,WKNX-TV  ,Independent (US),62,TN,36.010000,-83.932500
72971,WBXX-TV  ,The CW (US),62,TN,36.109167,-84.338056
65130,WQCW     ,The CW (US),67,OH,38.505833,-82.209167
65128,WHDF     ,The CW (US),79,AL,35.002500,-87.135833
35666,KTEN     ,NBC (US),161,OK,34.359444,-96.559444
42359,KTXD-TV  ,Independent (US),5,TX,32.543333,-96.958889
10245,KCEN-TV  ,NBC (US),87,TX,31.273333,-97.220556
55644,KYTX     ,CBS (US),109,TX,31.905556,-95.084722
10188,KIII     ,ABC (US),129,TX,27.658333,-97.601111
10150,KBMT     ,ABC (US),142,TX,30.190556,-93.885556
62293,KXVA     ,FOX (US),165,TX,32.275278,-99.589722
58560,KIDY     ,FOX (US),198,TX,31.589167,-100.516667
65919,WHKY-TV  ,Independent (US),22,NC,35.733056,-81.330833
38591,KLTS-TV  ,PBS (US),83,LA,32.677667,-93.925028
38586,WLPB-TV  ,PBS (US),93,LA,30.372778,-91.204444
38588,KLPB-TV  ,PBS (US),121,LA,30.322028,-92.282917
38589,KLTM-TV  ,PBS (US),137,LA,32.197222,-92.070556
38587,KLTL-TV  ,PBS (US),174,LA,30.396111,-93.000833
38590,KLPA-TV  ,PBS (US),179,LA,31.565667,-92.547361
4149,WVUE-DT  ,FOX (US),51,LA,29.953889,-89.949444
29102,KDIN-TV  ,PBS (US),72,IA,41.809167,-93.614722
29100,KTIN     ,PBS (US),72,IA,42.817500,-94.411389
29108,KBIN-TV  ,PBS (US),74,IA,41.254167,-95.835556
29085,KHIN     ,PBS (US),74,IA,41.344444,-95.255833
29095,KIIN     ,PBS (US),90,IA,41.720833,-91.341500
29114,KRIN     ,PBS (US),90,IA,42.316389,-91.858611
5471,KQIN     ,PBS (US),101,IA,41.312222,-90.379444
29096,KSIN-TV  ,PBS (US),149,IA,42.514722,-96.304167
29086,KYIN     ,PBS (US),153,IA,43.475556,-92.708056
39659,WCBB     ,PBS (US),80,ME,44.154167,-70.010278
39656,WMEA-TV  ,PBS (US),80,ME,43.416667,-70.804722
39648,WMEB-TV  ,PBS (US),156,ME,44.703056,-69.079722
39649,WMED-TV  ,PBS (US),156,ME,45.029167,-67.323611
39662,WMEM-TV  ,PBS (US),206,ME,46.551667,-67.810556
61214,KBTV-TV  ,FOX (US),142,TX,30.155556,-93.986111
73905,WPTA     ,ABC (US),111,IN,41.102194,-85.184694
4691,KDLH     ,The CW (US),141,MN,46.789250,-92.114083
21158,WWHO     ,The CW (US),31,OH,39.588889,-83.112222
43328,KRGV-TV  ,ABC (US),86,TX,26.100556,-97.839167
38616,WBRZ-TV  ,ABC (US),93,LA,30.296667,-91.193611
39884,WFMZ-TV  ,Independent (US),4,PA,40.564444,-75.440000
63162,KGWL-TV  ,CBS (US),196,WY,42.895278,-108.726111
63170,KGWR-TV  ,CBS (US),196,WY,41.439167,-109.111667
63177,KGWC-TV  ,CBS (US),196,WY,42.740556,-106.359444
14675,KTMF     ,ABC (US),164,MT,47.019444,-114.012778
35724,KULR-TV  ,NBC (US),167,MT,45.759722,-108.453889
61217,WNKY     ,NBC (US),182,KY,37.034806,-86.178028
14674,KWYB     ,ABC (US),186,MT,46.006667,-112.441667
34412,KFBB-TV  ,ABC (US),191,MT,47.535556,-111.283889
83945,KGLA-DT  ,Telemundo (US),51,LA,29.978111,-89.940472
36917,KFVE     ,MyNetworkTV (US),66,HI,21.400833,-158.102778
65942,WMPT     ,PBS (US),26,MD,39.010000,-76.609167
64592,WFLA-TV  ,NBC (US),11,FL,27.842222,-82.262500
50782,WNCN     ,CBS (US),25,NC,35.674722,-78.527778
50781,WCMH-TV  ,NBC (US),31,OH,39.971111,-83.027778
66391,WSPA-TV  ,CBS (US),37,SC,35.170000,-82.290833
70149,WYCW     ,The CW (US),37,NC,35.222222,-82.549444
74173,WVTM-TV  ,NBC (US),45,AL,33.490556,-86.796667
50780,WJAR     ,NBC (US),52,RI,41.865278,-71.287361
73187,WKRG-TV  ,CBS (US),58,AL,30.688889,-87.830278
57840,WSLS-TV  ,NBC (US),69,VA,37.200833,-80.148333
48662,WSAV-TV  ,NBC (US),91,GA,32.058611,-81.298611
48667,WJTV     ,CBS (US),95,MS,32.240556,-90.404167
57826,WJHL-TV  ,CBS (US),97,TN,36.431944,-82.137500
10587,WCBD-TV  ,NBC (US),94,SC,32.940000,-79.695833
57838,WNCT-TV  ,CBS (US),99,NC,35.365278,-77.393889
66407,WBTW     ,CBS (US),102,SC,34.367778,-79.322500
27140,WJBF     ,ABC (US),112,GA,33.405611,-81.833631
3359,WRBL     ,CBS (US),127,GA,32.321111,-84.791111
48668,WHLT     ,CBS (US),168,MS,31.405556,-89.236944
72120,WGCL-TV  ,CBS (US),9,GA,33.807222,-84.339444
41223,KPHO-TV  ,CBS (US),12,AZ,33.333889,-112.061111
50633,KPTV     ,FOX (US),24,OR,45.521944,-122.748056
35460,KPDX     ,MyNetworkTV (US),24,WA,45.521944,-122.748056
41232,WSMV-TV  ,NBC (US),29,TN,36.140833,-86.865556
53115,WFSB     ,CBS (US),30,CT,41.775000,-72.805556
41230,KCTV     ,CBS (US),33,MO,39.070556,-94.582500
33336,KSMO-TV  ,MyNetworkTV (US),33,MO,39.090556,-94.471667
72300,WHNS     ,FOX (US),37,SC,35.182222,-82.682222
35870,KVVU-TV  ,FOX (US),40,NV,36.007222,-115.006111
41221,WNEM-TV  ,CBS (US),71,MI,43.470556,-83.843333
68717,KUHM-TV  ,PBS (US),205,MT,46.824889,-111.703500
26231,KWHY-TV  ,MundoMax (US),2,CA,34.213278,-118.061389
41397,WFYI     ,PBS (US),27,IN,39.899167,-86.200556
41671,WNIT     ,PBS (US),96,IN,41.613611,-86.188889
6104,WKAR-TV  ,PBS (US),113,MI,42.701944,-84.413333
42061,WKNO     ,PBS (US),50,TN,35.154444,-89.822222
41893,WMFD-TV  ,Independent (US),18,OH,40.763889,-82.617778
42122,KFMB-TV  ,CBS (US),28,CA,32.838000,-117.249139
42663,WMVS     ,PBS (US),35,WI,43.096111,-87.904167
42665,WMVT     ,PBS (US),35,WI,43.096111,-87.904167
17010,WYOU     ,CBS (US),55,PA,41.182778,-75.873889
11951,KLRT-TV  ,FOX (US),57,AR,34.799167,-92.491389
41212,KASN     ,The CW (US),57,AR,34.441944,-92.217500
28496,KOLR     ,CBS (US),75,MO,37.218889,-92.948889
29560,KFTA-TV  ,FOX (US),100,AR,35.710000,-94.137500
3661,WTVW     ,The CW (US),103,IN,38.024167,-87.361944
33722,KCIT     ,FOX (US),131,TX,35.342472,-101.822083
72945,WTVO     ,ABC (US),136,IL,42.287222,-89.170833
35692,KTVE     ,NBC (US),137,AR,33.078056,-92.228056
40820,KAMC     ,ABC (US),144,TX,33.525833,-101.868611
7675,KJTL     ,FOX (US),147,TX,34.201389,-98.729167
19707,WFXP     ,FOX (US),150,PA,42.040278,-80.069167
18283,KODE-TV  ,ABC (US),151,MO,37.076944,-94.537500
65247,WAWV-TV  ,ABC (US),155,IN,39.242500,-87.391389
306,KRBC-TV  ,NBC (US),165,TX,32.277222,-99.597500
47670,KHMT     ,FOX (US),167,MT,45.740000,-108.138333
57837,WUTR     ,ABC (US),172,NY,43.145278,-75.176389
307,KSAN-TV  ,NBC (US),198,TX,31.622889,-100.437111
34348,KHSD-TV  ,ABC (US),171,SD,44.325000,-103.837222
34347,KOTA-TV  ,ABC (US),171,SD,44.066667,-103.250278
51102,KOZK     ,PBS (US),75,MO,37.169722,-92.941667
51101,KOZJ     ,PBS (US),151,MO,37.076944,-94.537500
23277,KXVO     ,The CW (US),74,NE,41.071111,-96.225278
43567,KUSM-TV  ,PBS (US),186,MT,45.673333,-110.867222
169030,KBGS-TV  ,PBS (US),167,MT,45.769222,-108.457306
19183,WZVN-TV  ,ABC (US),61,FL,26.822500,-81.765000
61978,KXLY-TV  ,ABC (US),73,WA,47.921667,-117.114444
65143,WISC-TV  ,CBS (US),81,WI,43.055833,-89.535000
2506,KAPP     ,ABC (US),123,WA,46.532500,-120.511667
2495,KVEW     ,ABC (US),123,WA,46.103333,-119.132500
74424,WKBT-DT  ,CBS (US),128,WI,44.091139,-91.337917
51597,WTVQ-DT  ,ABC (US),63,KY,38.034167,-84.394167
54385,WDEF-TV  ,CBS (US),88,TN,35.135000,-85.323611
43847,WMGT-TV  ,NBC (US),120,GA,32.753333,-83.562778
12033,WWAY     ,ABC (US),130,NC,34.131389,-78.188056
12477,WCBI-TV  ,CBS (US),133,MS,33.751667,-88.877778
53517,WXXV-TV  ,FOX (US),158,MS,30.746667,-89.058333
46728,WCAX-TV  ,CBS (US),98,VT,44.525556,-72.816111
46755,WCFE-TV  ,PBS (US),98,NY,44.695278,-73.883333
73374,WSWB     ,The CW (US),55,PA,41.435833,-75.728889
72060,WFLI-TV  ,The CW (US),88,TN,35.209444,-85.277500
82735,WTLF     ,The CW (US),108,FL,30.494444,-84.417500
83965,WNBW-DT  ,NBC (US),162,FL,29.629722,-82.573611
47285,KIXE-TV  ,PBS (US),132,CA,40.602500,-122.650278
49578,KAWE     ,PBS (US),15,MN,47.700833,-94.487222
49324,KERA-TV  ,PBS (US),5,TX,32.543333,-96.958889
41398,WNPT     ,PBS (US),29,TN,36.046944,-86.830278
35852,KVHP     ,FOX (US),174,LA,30.290556,-93.576389
48589,KREZ-TV  ,CBS (US),48,CO,37.262778,-107.899444
47535,WNBC     ,NBC (US),1,NY,40.748222,-73.986222
73333,WNJU     ,Telemundo (US),1,NJ,40.748222,-73.986250
47906,KNBC     ,NBC (US),2,CA,34.225556,-118.064444
19783,KVEA     ,Telemundo (US),2,CA,34.213333,-118.061389
47905,WMAQ-TV  ,NBC (US),3,IL,41.878889,-87.636111
70119,WSNS-TV  ,Telemundo (US),3,IL,41.878889,-87.636111
63153,WCAU     ,NBC (US),4,PA,40.041667,-75.236389
23142,WWSI     ,Telemundo (US),4,NJ,39.734444,-74.841111
49330,KXAS-TV  ,NBC (US),5,TX,32.585139,-96.968306
35994,KXTX-TV  ,Telemundo (US),5,TX,32.585278,-96.968333
35280,KNTV     ,NBC (US),6,CA,37.685278,-122.433611
64987,KSTS     ,Telemundo (US),6,CA,37.499167,-121.871111
51864,WNEU     ,Telemundo (US),8,NH,42.983889,-71.588889
47904,WRC-TV   ,NBC (US),7,DC,38.940000,-77.081667
64984,KTMD     ,Telemundo (US),10,TX,29.570833,-95.510278
81458,KTAZ     ,Telemundo (US),12,AZ,33.334167,-112.060556
63154,WTVJ     ,NBC (US),16,FL,25.968611,-80.222222
64971,WSCV     ,Telemundo (US),16,FL,25.985833,-80.193611
38375,KDEN-TV  ,Telemundo (US),17,CO,40.099722,-104.900556
35277,KNSD     ,NBC (US),28,CA,32.696667,-116.935000
74170,WVIT     ,NBC (US),30,CT,41.700556,-72.832500
64969,KVDA     ,Telemundo (US),32,TX,29.293889,-98.258333
63768,KBLR     ,Telemundo (US),40,NV,36.009528,-115.005306
58608,KNSO     ,Telemundo (US),54,CA,37.071944,-119.430278
30601,KHRR     ,Telemundo (US),70,AZ,32.248611,-111.115833
49439,WNEO     ,PBS (US),114,OH,40.906389,-80.911111
49421,WEAO     ,PBS (US),18,OH,41.082778,-81.633889
47929,WVIA-TV  ,PBS (US),55,PA,41.182028,-75.871194
47971,KRNE-TV  ,PBS (US),110,NE,42.676944,-101.710833
47996,KTNE-TV  ,PBS (US),197,NE,41.840833,-103.055000
47974,KYNE-TV  ,PBS (US),74,NE,41.257778,-96.008889
47975,KLNE-TV  ,PBS (US),105,NE,40.384722,-99.458333
47981,KMNE-TV  ,PBS (US),105,NE,42.334722,-99.483889
47987,KHNE-TV  ,PBS (US),105,NE,40.772222,-98.089167
47995,KXNE-TV  ,PBS (US),149,NE,42.237500,-97.278056
47973,KPNE-TV  ,PBS (US),209,NE,41.022778,-101.153889
35200,KMVT     ,CBS (US),193,ID,42.729722,-114.414444
48525,KNLC     ,Independent (US),21,MO,38.361111,-90.548611
55516,KRWG-TV  ,PBS (US),92,NM,32.292500,-106.697500
65526,KRON-TV  ,MyNetworkTV (US),6,CA,37.755278,-122.451667
73188,WKRN-TV  ,ABC (US),29,TN,36.047222,-86.830278
74416,WRIC-TV  ,ABC (US),56,VA,37.512500,-77.601667
74422,WTEN     ,ABC (US),59,NY,42.625278,-74.010556
74419,WCDC-TV  ,ABC (US),59,MA,42.637222,-73.168889
71082,WATE-TV  ,ABC (US),62,TN,36.003611,-83.942778
74417,WBAY-TV  ,ABC (US),68,WI,44.409722,-88.001667
6885,KWQC-TV  ,NBC (US),101,IA,41.312222,-90.379444
41975,KDLO-TV  ,CBS (US),110,SD,44.965556,-97.589444
41964,KPLO-TV  ,CBS (US),110,SD,43.907500,-99.696111
41983,KELO-TV  ,CBS (US),110,SD,43.518611,-96.534722
74420,WLNS-TV  ,CBS (US),113,MI,42.688611,-84.376389
35059,KLFY-TV  ,CBS (US),121,LA,30.321944,-92.283056
41969,KCLO-TV  ,CBS (US),171,SD,44.070278,-103.250278
83181,KOCW     ,FOX (US),65,KS,38.631389,-98.847778
11912,KAAS-TV  ,FOX (US),65,KS,39.104444,-97.387500
52579,KRDO-TV  ,ABC (US),89,CO,38.745889,-104.860333
49832,KVIA-TV  ,ABC (US),92,TX,31.805278,-106.483056
60637,KEYT-TV  ,ABC (US),124,CA,34.525556,-119.957778
63164,KMIZ     ,ABC (US),138,MO,38.774722,-92.556194
66258,KIFI-TV  ,ABC (US),163,ID,43.501111,-112.661944
51208,KECY-TV  ,FOX (US),166,CA,33.055278,-114.828889
52593,KGBY     ,Cozi TV (US),185,CO,39.048611,-108.251667
55907,KTVZ     ,NBC (US),190,OR,44.077778,-121.330278
25045,WHAG-TV  ,Independent (US),7,MD,39.662500,-77.965000
68889,KTVX     ,ABC (US),34,UT,40.659167,-112.201944
1136,KUCW     ,The CW (US),34,UT,40.659167,-112.201944
11907,WATN-TV  ,ABC (US),50,TN,35.275833,-89.777222
68518,WLMT     ,The CW (US),50,TN,35.275833,-89.777222
29712,WCWJ     ,The CW (US),47,FL,30.276667,-81.563056
71225,WBRE-TV  ,NBC (US),55,PA,41.182778,-75.873889
35594,KSEE     ,NBC (US),54,CA,37.071944,-119.430278
56034,KGPE     ,CBS (US),54,CA,37.070556,-119.425278
33440,KARK-TV  ,NBC (US),57,AR,34.799167,-92.499722
37005,KARZ-TV  ,MyNetworkTV (US),57,AR,34.799167,-92.499722
9635,WFRV-TV  ,CBS (US),68,WI,44.333611,-87.982222
3659,KOZL-TV  ,MyNetworkTV (US),75,MO,37.218889,-92.948889
73964,WROC-TV  ,CBS (US),76,NY,43.135556,-77.583889
35648,KTAL-TV  ,NBC (US),83,TX,32.903056,-94.005556
42124,WCIA     ,CBS (US),85,IL,40.105833,-88.450000
42116,WCIX     ,MyNetworkTV (US),85,IL,39.790833,-89.514722
73113,WSYR-TV  ,ABC (US),84,NY,42.945000,-76.024444
11259,WVNY     ,ABC (US),98,VT,44.525833,-72.815833
10132,WFFF-TV  ,FOX (US),98,VT,44.525833,-72.815833
29557,KNWA-TV  ,NBC (US),100,AR,36.413278,-93.954667
23341,WTAJ-TV  ,CBS (US),104,PA,40.566944,-78.441667
24215,WEHT     ,ABC (US),103,IN,37.865556,-87.567778
25040,WFFT-TV  ,FOX (US),111,IN,41.109167,-85.195000
42121,WMBD-TV  ,CBS (US),117,IL,40.635000,-89.538611
34459,KGET-TV  ,NBC (US),126,CA,35.438111,-118.739694
8523,KAMR-TV  ,NBC (US),131,TX,35.342500,-101.822500
52408,WQRF-TV  ,FOX (US),136,IL,42.287222,-89.170833
3658,KARD     ,FOX (US),137,LA,32.095000,-92.176111
3660,KLBK-TV  ,CBS (US),144,TX,33.525833,-101.868611
65370,KFDX-TV  ,NBC (US),147,TX,33.889722,-98.558333
65749,WJET-TV  ,ABC (US),150,PA,42.040278,-80.069167
67766,KSNF     ,NBC (US),151,MO,37.075833,-94.554444
35131,KMID     ,ABC (US),145,TX,32.097500,-102.289167
20426,WTWO     ,NBC (US),155,IN,39.242500,-87.391389
11260,WIVT     ,ABC (US),159,NY,42.060833,-75.943333
59988,KTAB-TV  ,CBS (US),165,TX,32.277222,-99.597500
5243,KSVI     ,ABC (US),167,MT,45.807222,-108.340278
43846,WDHN     ,ABC (US),173,AL,31.240278,-85.311944
43424,WFXV     ,FOX (US),172,NY,43.145278,-75.176389
60653,WETM-TV  ,NBC (US),175,NY,42.106111,-76.871389
68519,WJKT     ,FOX (US),176,TN,35.789444,-89.103889
16747,WWTI     ,ABC (US),177,NY,43.879722,-75.720000
9630,WJMN-TV  ,CBS (US),180,MI,46.134722,-86.948611
31114,KLST     ,CBS (US),198,TX,31.366944,-100.046667
20427,KQTV     ,ABC (US),201,MO,39.770000,-94.798056
48477,WNJN     ,PBS (US),1,NJ,40.864722,-74.200833
48457,WNJB     ,PBS (US),1,NJ,40.621389,-74.504167
48481,WNJS     ,PBS (US),4,NJ,39.728056,-74.844167
48465,WNJT     ,PBS (US),4,NJ,40.282778,-74.686389
35500,KQED     ,PBS (US),6,CA,37.755278,-122.451667
8214,KQET     ,PBS (US),125,CA,36.756361,-121.501361
49579,KAWB     ,PBS (US),15,MN,46.422500,-94.461389
58684,KAYU-TV  ,FOX (US),73,WA,47.578889,-117.296111
12729,KFFX-TV  ,FOX (US),123,OR,45.747778,-118.037500
32958,KMVU-DT  ,FOX (US),140,OR,42.298333,-122.748056
62210,WICZ-TV  ,FOX (US),159,NY,42.056111,-75.944167
71586,KCNS     ,MundoMax (US),6,CA,37.755278,-122.451667
21533,KTNC-TV  ,Estrella TV (US),6,CA,37.881667,-121.918056
41436,WMFP     ,SonLife Broadcasting Network (US),8,MA,42.307500,-71.224167
70492,KUBE-TV  ,Independent (US),10,TX,29.570833,-95.510278
55350,WGCB-TV  ,Cozi TV (US),44,PA,39.905000,-76.583333
49803,WYIN     ,PBS (US),3,IN,41.348889,-87.400556
9762,WGNT     ,The CW (US),42,VA,36.811944,-76.462500
57832,WTVR-TV  ,CBS (US),56,VA,37.512500,-77.601389
50147,WOUB-TV  ,PBS (US),31,OH,39.314444,-82.149722
66185,WOSU-TV  ,PBS (US),31,OH,40.159167,-82.923056
66190,WPBO     ,PBS (US),67,OH,38.761667,-83.061389
50205,KETA-TV  ,PBS (US),43,OK,35.597778,-97.489444
66195,KOED-TV  ,PBS (US),60,OK,36.020833,-95.675556
86532,KUOK     ,Univision (US),43,OK,36.272944,-99.445750
50589,KOPB-TV  ,PBS (US),24,OR,45.522500,-122.745833
50592,KTVR     ,PBS (US),24,OR,45.309167,-117.731667
50590,KOAC-TV  ,PBS (US),119,OR,44.640278,-123.273611
50591,KEPB-TV  ,PBS (US),119,OR,44.001944,-123.114722
50588,KOAB-TV  ,PBS (US),190,OR,44.078056,-121.332500
3978,WLWC     ,The CW (US),52,MA,41.777500,-70.928056
53820,KYOU-TV  ,FOX (US),200,IA,41.195000,-91.954167
53320,KGFE     ,PBS (US),115,ND,47.977222,-96.605000
53321,KFME     ,PBS (US),115,ND,47.012500,-97.194722
42640,KVIQ     ,CBS (US),195,CA,40.727500,-123.971389
60571,WIWN     ,SonLife Broadcasting Network (US),35,WI,43.096111,-87.904167
51502,KCWI-TV  ,The CW (US),72,IA,41.830000,-93.615000
21162,KWNB-TV  ,ABC (US),105,NE,40.625556,-101.029167
21160,KHGI-TV  ,ABC (US),105,NE,40.657722,-98.867694
33639,KSWT     ,CBS (US),166,AZ,33.055000,-114.827500
31597,KFQX     ,FOX (US),185,CO,39.066111,-108.746111
39561,WDKA     ,MyNetworkTV (US),82,KY,37.395000,-88.939722
51991,WPSD-TV  ,NBC (US),82,KY,37.191944,-88.981389
66219,WPSU-TV  ,PBS (US),104,PA,41.122222,-78.441611
17611,WSRE     ,PBS (US),58,FL,30.611194,-87.607472
35630,KSPR     ,ABC (US),75,MO,37.173889,-92.940833
50044,KPBT-TV  ,PBS (US),145,TX,31.897194,-102.337222
86537,WJLP     ,Me-TV (US),1,NV,39.246111,-114.926667
1283,KJWP     ,Me-TV (US),4,DE,40.041667,-75.236389
52907,KLAX-TV  ,ABC (US),179,LA,31.565000,-92.550000
53382,KIEM-TV  ,NBC (US),195,CA,40.730556,-123.951944
53324,KBME-TV  ,PBS (US),139,ND,46.589722,-100.800556
53318,KWSE     ,PBS (US),139,ND,48.141667,-103.892778
53313,KSRE     ,PBS (US),139,ND,48.050556,-101.390278
53329,KDSE     ,PBS (US),139,ND,46.726389,-102.915833
66285,WGTE-TV  ,PBS (US),77,OH,41.657222,-83.431944
53734,WCNY-TV  ,PBS (US),84,NY,42.945000,-76.118611
53716,WQLN     ,PBS (US),150,PA,42.042778,-80.065556
25065,WPTO     ,PBS (US),36,OH,39.121944,-84.547778
65666,WCET     ,PBS (US),36,OH,39.124167,-84.521667
25067,WPTD     ,PBS (US),64,OH,39.721111,-84.250000
53843,KCPT     ,PBS (US),33,MO,39.083056,-94.480278
64545,WKOW     ,ABC (US),81,WI,43.055833,-89.535000
593,KWWL     ,NBC (US),90,IA,42.400556,-91.843333
74007,WSJV     ,Independent (US),96,IN,41.616111,-86.193889
64550,WQOW     ,ABC (US),128,WI,44.800000,-91.465833
64549,WXOW     ,ABC (US),128,WI,43.806389,-91.367222
81503,WMOW     ,ABC (US),134,WI,45.573056,-88.882500
64546,WAOW     ,ABC (US),134,WI,44.920556,-89.691111
77789,WYOW     ,ABC (US),134,WI,45.775000,-89.248611
73940,WREX     ,NBC (US),136,IL,42.296639,-89.239333
66170,KTIV     ,NBC (US),149,IA,42.586667,-96.221639
35678,KTTC     ,NBC (US),153,MN,43.570833,-92.426944
74176,WVVA     ,NBC (US),160,WV,37.255750,-81.181667
54275,WGEM-TV  ,NBC (US),170,IL,39.951111,-91.331389
54728,WPGA-TV  ,Independent (US),120,GA,32.751111,-83.557500
83707,KTEL-TV  ,Telemundo (US),48,NM,32.435833,-104.187222
55031,KJTV-TV  ,FOX (US),144,TX,33.502222,-101.872222
81464,KNBN     ,NBC (US),171,SD,44.092500,-103.248056
12930,KTAS     ,Telemundo (US),124,CA,35.360556,-120.655833
39746,WOIO     ,CBS (US),18,OH,41.387500,-81.695278
8532,WUAB     ,MyNetworkTV (US),18,OH,41.379167,-81.720000
30826,WBTV     ,CBS (US),22,NC,35.364167,-81.186944
39738,WXIX-TV  ,FOX (US),36,KY,39.121944,-84.547778
39736,WFLX     ,FOX (US),38,FL,26.574833,-80.242194
71221,WBRC     ,FOX (US),45,AL,33.488611,-86.799444
13989,WAVE     ,NBC (US),49,KY,38.368889,-85.830000
19184,WMC-TV   ,NBC (US),50,TN,35.169167,-89.886111
30833,WWBT     ,NBC (US),56,VA,37.506389,-77.503333
19200,WTNZ     ,FOX (US),62,TN,36.003611,-83.942778
48663,KOLD-TV  ,CBS (US),70,AZ,32.415556,-110.713889
34846,KHBC-TV  ,NBC (US),66,HI,19.730833,-155.069722
34445,KGMB     ,CBS (US),66,HI,21.400833,-158.102778
34867,KHNL     ,NBC (US),66,HI,21.400833,-158.102778
34859,KOGG     ,NBC (US),66,HI,20.660278,-156.362778
13992,WTOL     ,CBS (US),77,OH,41.672778,-83.379722
13990,WIS      ,NBC (US),78,SC,34.124722,-80.756389
591,WAFF     ,NBC (US),79,AL,34.710833,-86.535278
592,KFVS-TV  ,CBS (US),82,MO,37.429444,-89.503889
70482,KSLA     ,CBS (US),83,LA,32.674444,-93.933333
590,WTOC-TV  ,CBS (US),91,GA,32.053889,-81.350278
68542,WLBT     ,NBC (US),95,MS,32.213611,-90.382222
589,WAFB     ,CBS (US),93,LA,30.366111,-91.213056
71297,WCSC-TV  ,CBS (US),94,SC,32.924444,-79.699444
83969,WMBF-TV  ,NBC (US),102,SC,33.730556,-79.075556
13991,WFIE     ,NBC (US),103,IN,37.887222,-87.518611
68540,KLTV     ,ABC (US),109,TX,32.539722,-95.219722
68541,KTRE     ,ABC (US),109,TX,31.419167,-94.800833
3228,WFXG     ,FOX (US),112,GA,33.416778,-81.834861
13993,WSFA     ,NBC (US),122,AL,31.974444,-86.162222
595,WTVM     ,ABC (US),127,GA,32.321111,-84.791111
48666,WECT     ,NBC (US),130,NC,34.131389,-78.188056
27507,KCBD     ,NBC (US),144,TX,33.541528,-101.836667
70713,WALB     ,NBC (US),152,GA,31.331111,-83.861944
2942,WPGX     ,FOX (US),154,FL,30.395000,-85.533889
13995,WLOX     ,ABC (US),158,MS,30.722778,-89.091111
21250,WDAM-TV  ,NBC (US),168,MS,31.453333,-89.284722
32851,WDFX-TV  ,FOX (US),173,AL,31.207778,-85.613611
13994,KPLC     ,NBC (US),174,LA,30.396111,-93.000833
13988,KAIT     ,ABC (US),181,AR,35.889444,-90.935556
55375,KDLV-TV  ,NBC (US),110,SD,43.759167,-98.412222
55379,KDLT-DT  ,NBC (US),110,SD,43.505000,-96.556111
55364,KJRR     ,FOX (US),115,ND,46.924167,-98.771944
55370,KBRR     ,FOX (US),115,MN,47.977222,-96.605000
55362,KNRR     ,FOX (US),115,ND,48.995556,-97.407778
55372,KVRR     ,FOX (US),115,ND,46.674722,-96.227778
35525,KQDS-TV  ,FOX (US),141,MN,46.793611,-92.117500
55435,KEET     ,PBS (US),195,CA,40.728444,-123.971472
24314,WGBC     ,FOX (US),189,MS,32.327639,-88.691889
55684,KXMA-TV  ,CBS (US),139,ND,46.726389,-102.915833
55683,KXMD-TV  ,CBS (US),139,ND,48.141667,-103.892778
55686,KXMB-TV  ,CBS (US),139,ND,46.589722,-100.805556
55685,KXMC-TV  ,CBS (US),139,ND,48.050000,-101.342222
35096,KWKB     ,The CW (US),90,IA,41.724722,-91.352778
56092,WSBE-TV  ,PBS (US),52,RI,41.865000,-71.287500
58725,WNYS-TV  ,MyNetworkTV (US),84,NY,42.880556,-76.200000
136750,WZRB     ,ION (US),78,SC,34.043889,-80.997500
14040,KRMA-TV  ,PBS (US),17,CO,39.671389,-105.218333
84224,KRMU     ,PBS (US),48,CO,37.262778,-107.899444
69170,KTSC     ,PBS (US),89,CO,38.745278,-104.860833
14042,KRMJ     ,PBS (US),185,CO,39.066111,-108.745278
57945,KRCB     ,PBS (US),6,CA,38.348528,-122.577083
58552,KOAM-TV  ,CBS (US),151,KS,37.220833,-94.706944
73101,KAVU-TV  ,ABC (US),203,TX,28.845000,-97.125833
37179,WLTZ     ,NBC (US),127,GA,32.457778,-84.885556
35906,KXLT-TV  ,FOX (US),153,MN,43.642778,-92.526389
10061,KGNS-TV  ,NBC (US),184,TX,27.672500,-99.664167
63166,KGWN-TV  ,CBS (US),197,WY,41.100278,-105.006389
63182,KSTF     ,CBS (US),197,NE,41.999722,-103.675000
6124,KPBS     ,PBS (US),28,CA,32.698056,-116.934167
58912,KCSM-TV  ,PBS (US),6,CA,37.755278,-122.451667
59137,WRCB     ,NBC (US),88,TN,35.161111,-85.314167
59139,KTVN     ,CBS (US),106,NV,39.315833,-119.883889
58795,KVCR-DT  ,PBS (US),2,CA,33.965833,-117.284722
61009,WNSC-TV  ,PBS (US),22,SC,34.839722,-81.018611
61012,WRJA-TV  ,PBS (US),78,SC,33.880833,-80.270833
61013,WRLK-TV  ,PBS (US),78,SC,34.118333,-80.936944
61007,WJWJ-TV  ,PBS (US),91,SC,32.711667,-80.681667
61005,WITV     ,PBS (US),94,SC,32.924444,-79.699444
61004,WHMC     ,PBS (US),102,SC,33.949444,-79.108611
61008,WJPM-TV  ,PBS (US),102,SC,34.280000,-79.743056
61003,WEBA-TV  ,PBS (US),112,SC,33.187500,-81.397222
66358,WLRN-TV  ,PBS (US),16,FL,25.979444,-80.196111
66414,KBSD-DT  ,CBS (US),65,KS,37.641111,-100.344167
66415,KBSH-DT  ,CBS (US),65,KS,38.883611,-99.337500
66416,KBSL-DT  ,CBS (US),65,KS,39.469444,-101.555278
66413,KWCH-DT  ,CBS (US),65,KS,38.060444,-97.763472
72348,KSCW-DT  ,The CW (US),65,KS,38.060444,-97.763472
71329,WDBJ     ,CBS (US),69,VA,37.195000,-80.156389
36003,KYTV     ,NBC (US),75,MO,37.173889,-92.940833
73983,WSBT-TV  ,CBS (US),96,IN,41.616667,-86.216944
70699,WAGT     ,NBC (US),112,GA,33.405583,-81.833611
10173,KTUU-TV  ,NBC (US),148,AK,61.422778,-149.872222
10267,WXYZ-TV  ,ABC (US),13,MI,42.470556,-83.250278
59440,KNXV-TV  ,ABC (US),12,AZ,33.333333,-112.062778
64588,WFTS-TV  ,ABC (US),11,FL,27.842222,-82.262500
59441,WEWS-TV  ,ABC (US),18,OH,41.373889,-81.717778
59442,WMAR-TV  ,ABC (US),26,MD,39.334722,-76.650833
42636,KMCI-TV  ,Independent (US),33,KS,38.978333,-94.533611
59444,KSHB-TV  ,NBC (US),33,MO,38.978333,-94.533611
59438,WCPO-TV  ,ABC (US),36,OH,39.125000,-84.498889
59443,WPTV-TV  ,NBC (US),38,FL,26.588889,-80.212222
59439,KJRH-TV  ,NBC (US),60,OK,36.020833,-95.675556
29234,KAZA-TV  ,Azteca (US),2,CA,34.226944,-118.065833
61064,KDSD-TV  ,PBS (US),110,SD,45.498333,-97.674444
61072,KUSD-TV  ,PBS (US),110,SD,43.050278,-96.783611
60728,KCSD-TV  ,PBS (US),110,SD,43.574444,-96.655278
61068,KBHE-TV  ,PBS (US),171,SD,44.052222,-103.242778
49699,WJFW-TV  ,NBC (US),134,WI,45.667500,-89.208056
61216,WHIZ-TV  ,NBC (US),204,OH,39.928333,-81.985278
14867,KCBA     ,FOX (US),125,CA,36.756111,-121.501667
35336,KFXA     ,FOX (US),90,IA,42.090278,-92.086944
66378,WVPY     ,PBS (US),7,VA,38.960000,-78.331111
60111,WVPT     ,PBS (US),178,VA,38.165000,-79.314167
11970,WXXA-TV  ,FOX (US),59,NY,42.625278,-74.010556
36533,WLAJ     ,ABC (US),113,MI,42.420222,-84.523639
18286,KTWO-TV  ,ABC (US),196,WY,42.740556,-106.359444
4108,WTTA     ,MyNetworkTV (US),11,FL,27.842222,-82.262500
36395,WUCW     ,The CW (US),15,MN,45.062222,-93.139167
56524,KDNL-TV  ,ABC (US),21,MO,38.580556,-90.329167
73907,WPNT     ,MyNetworkTV (US),23,PA,40.495278,-80.004722
73875,WPGH-TV  ,FOX (US),23,PA,40.495278,-80.004722
73205,WLFL     ,The CW (US),25,NC,35.674444,-78.527778
54963,WRDC     ,MyNetworkTV (US),25,NC,35.676389,-78.535556
10758,WBFF     ,FOX (US),26,MD,39.336111,-76.649722
418,WZTV     ,FOX (US),29,TN,36.263889,-86.794167
9971,WUXP-TV  ,MyNetworkTV (US),29,TN,36.263889,-86.794167
56549,WSYX     ,ABC (US),31,OH,39.937222,-83.021111
35823,KUTV     ,CBS (US),34,UT,40.659167,-112.201944
35822,KMYU     ,MyNetworkTV (US),34,UT,37.063333,-113.573056
74174,WVTV     ,The CW (US),35,WI,43.095556,-87.904722
71278,WCGV-TV  ,MyNetworkTV (US),35,WI,43.096111,-87.904167
11289,WKRC-TV  ,CBS (US),36,OH,39.116389,-84.501944
69618,WOAI-TV  ,NBC (US),32,TX,29.269722,-98.265278
56528,KABB     ,FOX (US),32,TX,29.291111,-98.270000
56537,WLOS     ,ABC (US),37,NC,35.425556,-82.756944
52527,WPEC     ,CBS (US),38,FL,26.588333,-80.208333
35575,WTVX     ,The CW (US),38,FL,27.121944,-80.388889
74195,WWMT     ,CBS (US),41,MI,42.632222,-85.537778
10179,KSNV     ,NBC (US),40,NV,36.007778,-115.006667
10195,KVCW     ,The CW (US),40,NV,36.007778,-115.006667
35388,KOKH-TV  ,FOX (US),43,OK,35.549444,-97.488333
50170,KOCB     ,The CW (US),43,OK,35.549444,-97.488333
74138,WTTO     ,The CW (US),45,AL,33.484444,-86.806944
16820,WABM     ,MyNetworkTV (US),45,AL,33.484444,-86.806944
72313,WHP-TV   ,CBS (US),44,PA,40.345278,-76.869167
40759,WTVZ-TV  ,MyNetworkTV (US),42,VA,36.808611,-76.503611
33691,KEYE-TV  ,CBS (US),39,TX,30.321667,-97.803056
414,WXLV-TV  ,ABC (US),46,NC,35.867500,-79.823889
25544,WMYV     ,MyNetworkTV (US),46,NC,35.867500,-79.823889
415,WUTV     ,FOX (US),53,NY,43.025556,-78.928611
67784,WNYO-TV  ,MyNetworkTV (US),53,NY,42.782778,-78.457778
412,WRLH-TV  ,FOX (US),56,VA,37.512500,-77.601389
73942,WRGB     ,CBS (US),59,NY,42.625278,-74.010556
73264,WCWN     ,The CW (US),59,NY,42.625278,-74.010556
71363,WEAR-TV  ,ABC (US),58,FL,30.612500,-87.645278
11906,WPMI-TV  ,NBC (US),58,AL,30.611111,-87.607222
6554,WFGX     ,MyNetworkTV (US),58,FL,30.612500,-87.645000
41210,WJTC     ,Independent (US),58,FL,30.587778,-87.553611
73155,WKEF     ,ABC (US),64,OH,39.724444,-84.255000
64017,WDKY-TV  ,FOX (US),63,KY,37.880833,-84.321111
71280,WCHS-TV  ,ABC (US),67,WV,38.407778,-81.903611
11911,KSAS-TV  ,FOX (US),65,KS,37.777778,-97.510278
77063,KMTW     ,MyNetworkTV (US),65,KS,37.939722,-97.511667
72052,WEYI-TV  ,NBC (US),71,MI,43.216944,-83.721389
82627,WBSF     ,The CW (US),71,MI,43.474111,-83.845806
21737,WSMH     ,FOX (US),71,MI,43.225278,-84.075833
56527,KDSM-TV  ,FOX (US),72,IA,41.830000,-93.615000
73354,WNWO-TV  ,NBC (US),77,OH,41.667500,-83.356111
19199,WACH     ,FOX (US),78,SC,34.116111,-80.764167
413,WUHF     ,FOX (US),76,NY,43.134722,-77.585278
25683,WGME-TV  ,CBS (US),80,ME,43.924444,-70.491111
19593,KBSI     ,FOX (US),82,MO,37.406389,-89.562222
25684,WICD     ,ABC (US),85,IL,40.069722,-87.912500
25686,WICS     ,ABC (US),85,IL,39.804167,-89.461111
21252,WSTM-TV  ,NBC (US),84,NY,42.944944,-76.118778
74151,WTVH     ,CBS (US),84,NY,42.955222,-76.109528
10221,WMSN-TV  ,FOX (US),81,WI,43.055833,-89.535000
34457,KGBT-TV  ,CBS (US),86,TX,26.148889,-97.821667
22590,WTVC     ,ABC (US),88,TN,35.160556,-85.318333
35991,KXRM-TV  ,FOX (US),89,CO,38.745278,-104.861111
25685,KGAN     ,CBS (US),90,IA,42.316389,-91.858333
33716,KFOX-TV  ,FOX (US),92,TX,31.815278,-106.488889
9015,WCIV     ,MyNetworkTV (US),94,SC,32.940000,-79.695833
73120,WJAC-TV  ,NBC (US),104,PA,40.371389,-78.982222
17012,WPDE-TV  ,ABC (US),102,SC,34.367222,-79.330278
3133,WWMB     ,The CW (US),102,SC,34.367222,-79.330278
66908,WTWC-TV  ,NBC (US),108,FL,30.680556,-83.972500
48360,KRXI-TV  ,FOX (US),106,NV,39.589806,-119.927000
6866,WHOI     ,ABC (US),117,IL,40.653056,-89.587222
21254,WTOM-TV  ,NBC (US),118,MI,45.650278,-84.343611
21253,WPBN-TV  ,NBC (US),118,MI,44.748056,-85.068889
59279,WGTQ     ,ABC (US),118,MI,46.052222,-84.110556
59280,WGTU     ,ABC (US),118,MI,44.748056,-85.068889
40446,KVII-TV  ,ABC (US),131,TX,35.375000,-101.882222
41110,KRCG     ,CBS (US),138,MO,38.691667,-92.095556
22570,KTVL     ,CBS (US),140,OR,42.081111,-122.719167
22589,KFDM     ,CBS (US),142,TX,30.140000,-93.978889
70815,WFXL     ,FOX (US),152,GA,31.331111,-83.861944
74122,WTOV-TV  ,NBC (US),157,OH,40.342500,-80.620556
4690,KHQA-TV  ,CBS (US),170,MO,39.972778,-91.331667
21259,WLUC-TV  ,NBC (US),180,MI,46.336389,-87.848611
21251,KTVO     ,ABC (US),200,MO,40.529722,-92.441389
39665,KMEG     ,CBS (US),149,IA,42.586667,-96.221944
21735,WJRT-TV  ,ABC (US),71,MI,43.230278,-84.058889
74150,WTVG     ,ABC (US),77,OH,41.683333,-83.413611
76324,WSKY-TV  ,Independent (US),42,NC,36.520694,-76.304500
60654,WKTV     ,NBC (US),172,NY,43.102500,-74.940833
61010,WNTV     ,PBS (US),37,SC,34.941389,-82.410556
60931,WNEH     ,PBS (US),37,SC,34.371944,-82.168056
61011,WRET-TV  ,PBS (US),37,SC,34.886389,-81.821111
61067,KESD-TV  ,PBS (US),110,SD,44.337778,-97.228333
61066,KTSD-TV  ,PBS (US),110,SD,43.968056,-99.594444
61063,KQSD-TV  ,PBS (US),139,SD,45.277222,-99.986111
61071,KPSD-TV  ,PBS (US),171,SD,45.053889,-102.263056
58408,KEDT     ,PBS (US),129,TX,27.655556,-97.565278
10897,WUPV     ,The CW (US),56,VA,37.741944,-77.254167
12472,WXTX     ,FOX (US),127,GA,32.460833,-84.878611
72871,WSFX-TV  ,FOX (US),130,NC,34.131389,-78.188056
57292,WAAY-TV  ,ABC (US),79,AL,34.736667,-86.533056
4297,WSIU-TV  ,PBS (US),82,IL,38.103056,-89.244444
61350,KSYS     ,PBS (US),140,OR,42.692222,-123.229167
61335,KFTS     ,PBS (US),140,OR,42.097222,-121.633056
69446,WGSA     ,The CW (US),91,GA,32.046667,-81.340833
62207,WIYC     ,Cozi TV (US),122,AL,32.060150,-85.950508
74148,WTVA     ,NBC (US),133,MS,33.794444,-89.087778
72053,WSBS-TV  ,Mega TV (US),16,FL,24.555000,-81.801944
61956,KSPS-TV  ,PBS (US),73,WA,47.576111,-117.299444
62136,WPBS-DT  ,PBS (US),177,NY,43.862778,-75.727500
62137,WNPI-DT  ,PBS (US),177,NY,44.491389,-74.857500
62182,KETC     ,PBS (US),21,MO,38.482167,-90.397944
18793,WHWC-TV  ,PBS (US),128,WI,45.046944,-91.863056
18798,WPNE-TV  ,PBS (US),68,WI,44.409722,-88.001667
18780,WHLA-TV  ,PBS (US),128,WI,43.805083,-91.368083
73036,WHRM-TV  ,PBS (US),134,WI,44.920556,-89.691111
63046,WLEF-TV  ,PBS (US),134,WI,45.945278,-90.272778
61504,WXCW     ,The CW (US),61,FL,26.785556,-81.794444
72145,WHDH     ,NBC (US),8,MA,42.311389,-71.216667
73238,WLVI     ,The CW (US),8,MA,42.302778,-71.218611
63840,WSVN     ,FOX (US),16,FL,25.966667,-80.211944
62354,KTLM     ,Telemundo (US),86,TX,26.516944,-98.651944
83992,KFJX     ,FOX (US),151,KS,37.220833,-94.706944
35846,KVCT     ,FOX (US),203,TX,28.845000,-97.125833
76268,KWBQ     ,The CW (US),48,NM,35.213778,-106.450333
55049,KASY-TV  ,MyNetworkTV (US),48,NM,35.213778,-106.450333
64597,KFXF     ,FOX (US),202,AK,64.922222,-147.715278
54452,WLXI     ,TCT (US),46,NC,35.867222,-79.823889
52073,WAPA-TV  ,Independent (US),NA,PR,18.111667,-66.051389
65301,KAMU-TV  ,PBS (US),87,TX,30.629722,-96.342500
65355,KTTZ-TV  ,PBS (US),144,TX,33.581833,-101.890361
10238,KUSI-TV  ,Independent (US),28,CA,32.697444,-116.934056
4326,KMOS-TV  ,PBS (US),138,MO,38.626667,-92.867500
66804,WOAY-TV  ,ABC (US),160,WV,37.957222,-81.150833
59281,WBUP     ,ABC (US),180,MI,46.490639,-87.893333
67048,WBKB-TV  ,CBS (US),208,MI,44.703056,-83.523889
64033,WPCH-TV  ,Independent (US),9,GA,33.807222,-84.339444
67494,KAIL     ,MyNetworkTV (US),54,CA,37.073056,-119.431111
73881,WPIX     ,The CW (US),1,NY,40.748333,-73.986111
35670,KTLA     ,The CW (US),2,CA,34.226667,-118.065556
72115,WGN-TV   ,Independent (US),3,IL,41.878889,-87.636111
73879,WPHL-TV  ,MyNetworkTV (US),4,PA,40.041667,-75.239722
22201,KDAF     ,The CW (US),5,TX,32.543056,-96.958889
30576,WDCW     ,The CW (US),7,DC,38.962222,-77.026667
23394,KIAH     ,The CW (US),10,TX,29.568333,-95.499167
33894,KCPQ     ,FOX (US),14,WA,47.548056,-122.806111
69571,KZJO     ,MyNetworkTV (US),14,WA,47.615833,-122.307222
10203,WSFL-TV  ,The CW (US),16,FL,25.968611,-80.222222
35883,KWGN-TV  ,The CW (US),17,CO,39.732778,-105.235556
10205,KTXL     ,FOX (US),20,CA,38.271667,-121.505000
35417,KPLR-TV  ,The CW (US),21,MO,38.573333,-90.325000
10192,KRCW-TV  ,The CW (US),24,OR,45.516111,-122.732778
56523,WTTV     ,CBS (US),27,IN,39.407500,-86.147778
56526,WTTK     ,CBS (US),27,IN,39.888889,-86.201944
146,WXIN     ,FOX (US),27,IN,39.888889,-86.201944
58827,KSWB-TV  ,FOX (US),28,CA,32.696389,-116.935278
14050,WCCT-TV  ,The CW (US),30,CT,41.703611,-72.832500
147,WTIC-TV  ,FOX (US),30,CT,41.703611,-72.832500
68433,WXMI     ,FOX (US),41,MI,42.687500,-85.532500
10213,WPMT     ,FOX (US),44,PA,40.028056,-76.600000
72119,WGNO     ,ABC (US),51,LA,29.949722,-89.957778
54280,WNOL-TV  ,The CW (US),51,LA,29.949722,-89.957778
48408,WPME     ,MyNetworkTV (US),80,ME,43.851667,-70.327778
51488,KMPH-TV  ,FOX (US),54,CA,36.667222,-118.878333
59013,KFRE-TV  ,The CW (US),54,CA,37.076944,-119.433611
51491,KPTM     ,FOX (US),74,NE,41.070556,-96.225833
33764,KDBC-TV  ,CBS (US),92,TX,31.796111,-106.482500
77451,KPTH     ,FOX (US),149,IA,42.586667,-96.221667
37732,WLOV-TV  ,FOX (US),133,MS,33.794333,-89.087722
68594,KTCA-TV  ,PBS (US),15,MN,45.058333,-93.124167
68597,KTCI-TV  ,PBS (US),15,MN,45.058333,-93.124167
53065,WPXT     ,The CW (US),80,ME,43.851667,-70.327778
77480,KTUZ-TV  ,Telemundo (US),43,OK,35.560000,-97.485278
17433,KAZD     ,Azteca (US),5,TX,32.587500,-96.966389
34440,KEMO-TV  ,Azteca (US),6,CA,38.669444,-122.631111
31870,KYAZ     ,Azteca (US),10,TX,29.562222,-95.509722
68851,WWNY-TV  ,CBS (US),177,NY,43.954167,-75.729167
68853,KEYC-TV  ,CBS (US),199,MN,43.937222,-94.411389
69315,KUAC-TV  ,PBS (US),202,AK,64.911667,-147.777222
2731,KUAT-TV  ,PBS (US),70,AZ,32.415278,-110.714167
2722,KUAS-TV  ,PBS (US),70,AZ,32.214722,-111.005833
12855,WUCF-TV  ,PBS (US),19,FL,28.602222,-81.093611
69440,WUFT     ,PBS (US),162,FL,29.709444,-82.394444
69269,KUHT     ,PBS (US),10,TX,29.574444,-95.493611
68939,WILL-TV  ,PBS (US),85,IL,40.038333,-88.669444
65583,KOMU-TV  ,NBC (US),138,MO,38.888056,-92.263333
66611,KUFM-TV  ,PBS (US),164,MT,46.802500,-113.972500
66589,KUON-TV  ,PBS (US),105,NE,41.138333,-96.455556
69237,WENH-TV  ,PBS (US),8,NH,43.175833,-71.208056
55528,KNME-TV  ,PBS (US),48,NM,35.213611,-106.450278
84215,KNMD-TV  ,World (US),48,NM,35.212222,-106.449167
69080,WUNC-TV  ,PBS (US),25,NC,35.866389,-79.166667
57431,KRSU-TV  ,Independent (US),60,OK,36.400833,-95.608333
69338,WUSF-TV  ,PBS (US),11,FL,27.847778,-82.263333
69396,KUED     ,PBS (US),34,UT,40.659167,-112.201944
6096,WHA-TV   ,PBS (US),81,WI,43.055833,-89.535000
74215,WXTV-DT  ,Univision (US),1,NJ,40.748333,-73.986111
60553,WFTY-DT  ,UniMás (US),1,NY,40.889722,-72.953611
60555,WFUT-DT  ,UniMás (US),1,NJ,40.748333,-73.986111
35123,KMEX-DT  ,Univision (US),2,CA,34.226667,-118.066389
60549,KFTR-DT  ,UniMás (US),2,CA,34.226667,-118.066389
60539,WXFT-DT  ,UniMás (US),3,IL,41.898861,-87.623056
12498,WGBO-DT  ,Univision (US),3,IL,41.898889,-87.623056
60560,WUVP-DT  ,Univision (US),4,NJ,40.041667,-75.236389
35841,KUVN-DT  ,Univision (US),5,TX,32.589167,-96.970000
60534,KSTR-DT  ,UniMás (US),5,TX,32.543056,-96.958889
33778,KDTV-DT  ,Univision (US),6,CA,37.499167,-121.871111
51429,KFSF-DT  ,UniMás (US),6,CA,37.755278,-122.451667
60551,WUTF-DT  ,UniMás (US),8,MA,42.383889,-71.493611
69532,WFDC-DT  ,Univision (US),7,VA,38.940000,-77.081667
48813,WUVG-DT  ,Univision (US),9,GA,33.807222,-84.339444
53847,KXLN-DT  ,Univision (US),10,TX,29.562222,-95.509722
60537,KFTH-DT  ,UniMás (US),10,TX,29.570833,-95.510278
41517,KFPH-DT  ,UniMás (US),12,AZ,34.968333,-111.509444
35705,KTVW-DT  ,Univision (US),12,AZ,33.333333,-112.062778
60559,WFTT-DT  ,UniMás (US),11,FL,27.847222,-82.263889
73230,WLTV-DT  ,Univision (US),16,FL,25.968611,-80.222222
60536,WAMI-DT  ,UniMás (US),16,FL,25.985833,-80.193611
57219,KTFD-DT  ,UniMás (US),17,CO,39.671389,-105.218333
60556,WQHS-DT  ,Univision (US),18,OH,41.382778,-81.701944
5802,WOTF-DT  ,UniMás (US),19,FL,28.586667,-81.082778
58609,KUVS-DT  ,Univision (US),20,CA,38.118611,-120.724167
20871,KTFK-DT  ,UniMás (US),20,CA,38.240000,-121.500833
16517,WUVC-DT  ,Univision (US),25,NC,35.512222,-78.978056
81451,KUTH-DT  ,Univision (US),34,UT,40.279167,-111.933333
125710,KNIC-DT  ,UniMás (US),32,TX,29.696667,-98.512500
35881,KWEX-DT  ,Univision (US),32,TX,29.293889,-98.258611
148,KAKW-DT  ,Univision (US),39,TX,30.726111,-97.989722
57220,KTFQ-DT  ,UniMás (US),48,NM,35.412222,-106.725556
34439,KFTV-DT  ,Univision (US),54,CA,37.072778,-119.430556
35512,KTFF-DT  ,UniMás (US),54,CA,36.287222,-118.838056
81441,KFTU-DT  ,UniMás (US),70,AZ,31.481944,-109.958889
63927,KUVE-DT  ,Univision (US),70,AZ,32.415000,-110.715556
7700,KUVI-DT  ,MyNetworkTV (US),126,CA,35.438889,-118.740000
69479,WCTE     ,PBS (US),29,TN,36.173889,-85.343611
69733,KVPT     ,PBS (US),54,CA,36.745833,-119.280833
23671,WWDP     ,EVINE Live (US),8,MA,42.010556,-71.045000
144,KNVA     ,The CW (US),39,TX,30.325833,-97.799444
27245,WTGS     ,FOX (US),91,SC,32.045833,-81.340833
4693,WYTV     ,ABC (US),114,OH,41.061944,-80.635278
49397,KTKA-TV  ,ABC (US),135,KS,39.026111,-95.916944
53586,KBCB     ,SonLife Broadcasting Network (US),14,WA,48.679444,-122.841944
29706,WHTV     ,MyNetworkTV (US),113,MI,42.373611,-84.069444
52280,WAOE     ,MyNetworkTV (US),117,IL,40.629444,-89.548056
69940,WVTB     ,PBS (US),98,VT,44.571111,-71.894167
69946,WVER     ,PBS (US),98,VT,43.658611,-73.106944
69944,WETK     ,PBS (US),98,VT,44.525556,-72.814167
69943,WVTA     ,PBS (US),98,VT,43.437417,-72.452139
4329,WVUT     ,PBS (US),155,IN,38.651667,-87.476944
72062,WFMJ-TV  ,NBC (US),114,OH,41.080000,-80.640278
13815,KYUR     ,ABC (US),148,AK,61.422778,-149.872222
13813,KATN     ,ABC (US),202,AK,64.922222,-147.713611
62219,WYDC     ,FOX (US),175,NY,42.141667,-77.077500
70536,WSEC     ,PBS (US),85,IL,39.602500,-90.046389
70537,WMEC     ,PBS (US),170,IL,40.398333,-90.731944
71561,WQEC     ,PBS (US),170,IL,39.978056,-91.308889
71549,KWCM-TV  ,PBS (US),15,MN,45.167500,-96.000556
70938,KTWU     ,PBS (US),135,KS,39.063889,-95.763611
53117,KPRC-TV  ,NBC (US),10,TX,29.568333,-95.499167
53114,WDIV-TV  ,NBC (US),13,MI,42.482778,-83.205278
53113,WPLG     ,ABC (US),16,FL,25.966667,-80.211944
71293,WKMG-TV  ,CBS (US),19,FL,28.609722,-81.059722
53118,KSAT-TV  ,ABC (US),32,TX,29.269722,-98.258611
53116,WJXT     ,Independent (US),47,FL,30.273333,-81.553611
71024,KWSU-TV  ,PBS (US),73,WA,46.861833,-117.174667
71023,KTNW     ,PBS (US),123,WA,46.103611,-119.128056
71085,WBBH-TV  ,NBC (US),61,FL,26.822500,-81.765000
70309,WVIR-TV  ,NBC (US),183,VA,37.983889,-78.481389
40902,WKTC     ,The CW (US),78,SC,34.116111,-80.764167
71428,WCIU-TV  ,Independent (US),3,IL,41.878889,-87.636111
68545,WMLW-TV  ,Independent (US),35,WI,43.111667,-87.930556
71427,WDJT-TV  ,CBS (US),35,WI,43.111667,-87.930556
71657,WVPB-TV  ,PBS (US),67,WV,38.494722,-82.200833
71680,WSWP-TV  ,PBS (US),160,WV,37.896111,-80.989167
71676,WNPB-TV  ,PBS (US),169,WV,39.695750,-79.762444
23342,WOWK-TV  ,CBS (US),67,WV,38.505750,-82.209083
74169,WVNS-TV  ,CBS (US),160,WV,37.772778,-80.707333
6869,WTRF-TV  ,CBS (US),157,WV,40.061389,-80.752222
71220,WBOY-TV  ,NBC (US),169,WV,39.284889,-80.329611
5468,WQPT-TV  ,PBS (US),101,IL,41.312222,-90.379167
71928,WNED-TV  ,PBS (US),53,NY,43.030000,-78.920833
189358,WACP     ,Independent (US),4,NJ,39.734444,-74.841111
72099,WGBH-TV  ,PBS (US),8,MA,42.310278,-71.237222
72098,WGBX-TV  ,PBS (US),8,MA,42.310278,-71.237222
72096,WGBY-TV  ,PBS (US),116,MA,42.241389,-72.648889
73706,KSHV-TV  ,MyNetworkTV (US),83,LA,32.665833,-93.932778
70021,WVLA-TV  ,NBC (US),93,LA,30.326111,-91.276667
70917,KFXK-TV  ,FOX (US),109,TX,32.259722,-94.950556
72338,WHYY-TV  ,PBS (US),4,DE,40.041667,-75.239722
16940,KBCA     ,The CW (US),179,LA,30.904722,-92.624444
10802,WTTW     ,PBS (US),3,IL,41.878889,-87.636111
72958,WBNX-TV  ,The CW (US),18,OH,41.383889,-81.695556
70592,WDTV     ,CBS (US),169,WV,39.300556,-80.343611
10976,WVFX     ,FOX (US),169,WV,39.300556,-80.343611
73083,WITF-TV  ,PBS (US),44,PA,40.345278,-76.869167
73130,WJCT     ,PBS (US),47,FL,30.280833,-81.570000
73255,WMDN     ,CBS (US),189,MS,32.327778,-88.691944
73263,WMHT     ,PBS (US),59,NY,42.625278,-74.010556
73311,WNAC-TV  ,FOX (US),52,RI,41.876667,-71.282500
18795,WNET     ,PBS (US),1,NJ,40.748333,-73.986111
38336,WLIW     ,PBS (US),1,NY,40.788611,-73.452500
67802,WNIN     ,PBS (US),103,IN,37.983611,-87.270278
73642,WCOV-TV  ,FOX (US),122,AL,31.974444,-86.162222
77719,KLCW-TV  ,The CW (US),144,TX,33.502222,-101.872222
73692,WBNA     ,ION (US),49,KY,38.033056,-85.754722
41315,WQED     ,PBS (US),23,PA,40.446111,-79.964167
73999,WSIL-TV  ,ABC (US),82,IL,37.613889,-88.872222
73998,KPOB-TV  ,ABC (US),82,MO,36.801111,-90.451667
74034,WSKG-TV  ,PBS (US),159,NY,42.061111,-75.945833
78908,WSKA     ,PBS (US),175,NY,42.141592,-77.077531
61084,WXEL-TV  ,PBS (US),38,FL,26.576944,-80.242222
57274,WXXI-TV  ,PBS (US),76,NY,43.135278,-77.584167
40250,KLWY     ,FOX (US),197,WY,41.048611,-104.891111
21613,KFNE     ,FOX (US),196,WY,43.457222,-108.200556
21612,KFNR     ,FOX (US),196,WY,41.771111,-107.237500
74256,KFNB     ,FOX (US),196,WY,42.740556,-106.359444
36916,KTDO     ,Telemundo (US),92,NM,31.805278,-106.483056
1236,KACV-TV  ,PBS (US),131,TX,35.342500,-101.822500
169027,KUKL-TV  ,PBS (US),164,MT,48.013389,-114.365139
189357,WMDE     ,Soul of the South (US),7,DE,38.954806,-76.093000
